Workbook
Name DaysPerYearRatio: 'Project Site Calendar'!$U$38
Name HoursPerDayRatio: 'Project Site Calendar'!$AF$15

Sheet BOM csv data
A1: http://www.bom.gov.au/climate/data/index.shtml?bookmark=200 | B1: 1. CLICK THE LINK TO THE LEFT TO ACCESS THE BoM Website; 2. Select the Location and pick the nearest BoM Station;
B2: 3. Get Data (Opens in new window); 4. Download data (csv) file of statistics; 5. Open the csv file in eXcel;
B3: 6. Highlight all data (A1:end) and Copy (Ctrl C); 7. PasteSpecialValues into Cell A5 below. See notes in CLIMATE TAB re Wind data
A4: DOWNLOAD BOM csv file & COPY+PASTE (all data) INTO CELL A5 using 'right click' :PasteSpecialValues to maintain formatting below. This data populates the Yellow 'Climate' Tab
A5: Monthly Climate Statistics for 'MOORABBIN AIRPORT' [086077]
A6: Created on [ 04 Apr 2018 14:44:16 GMT+00:00]
A8: 086077 MOORABBIN AIRPORT
A9: Commenced: 1950
A10: Last Record: 2018
A11: Latitude: 37.98 Degrees South
A12: Longitude: 145.10 Degrees East
A13: Elevation: 12 m
A14: State: VIC
A16: Statistic Element | B16: January | C16: February | D16: March | E16: April | F16: May | G16: June | H16: July | I16: August | J16: September | K16: October | L16: November | M16: December | N16: Annual | O16: Number of Years | P16: Start Year | Q16: End Year
A17: Mean maximum temperature (Degrees C) for years 1971 to 2018 | B17: 25.8 | C17: 26.1 | D17: 23.8 | E17: 20.2 | F17: 17 | G17: 14.2 | H17: 13.7 | I17: 14.9 | J17: 16.9 | K17: 19.3 | L17: 21.7 | M17: 24 | N17: 19.8 | O17: 46 | P17: 1971 | Q17: 2018
A18: Highest temperature (Degrees C) for years 1971 to 2018 | B18: 44.9 | C18: 46.7 | D18: 40.8 | E18: 34.9 | F18: 26.6 | G18: 23.7 | H18: 23.1 | I18: 25.6 | J18: 31.8 | K18: 36.2 | L18: 39.5 | M18: 43 | N18: 46.7 | O18: 46 | P18: 1971 | Q18: 2018
A19: Date of Highest temperature for years 1971 to 2018 | B19: 39842 | C19: 39851 | D19: 42437 | E19: 38452 | F19: 26421 | G19: 38511 | H19: 41473 | I19: 30192 | J19: 32046 | K19: 39002 | L19: 41242 | M19: 38717 | N19: 39851 | O19: N/A | P19: 1971 | Q19: 2018
A20: Lowest maximum temperature (Degrees C) for years 1971 to 2018 | B20: 15 | C20: 14.5 | D20: 14.5 | E20: 12.2 | F20: 8.4 | G20: 8.2 | H20: 6.6 | I20: 8.8 | J20: 9.4 | K20: 11.4 | L20: 12.5 | M20: 14.2 | N20: 6.6 | O20: 46 | P20: 1971 | Q20: 2018
A21: Date of Lowest maximum temperature for years 1971 to 2018 | B21: 35066 | C21: 32905 | D21: 28580 | E21: 34796 | F21: 28276 | G21: 27564 | H21: 26852 | I21: 38574 | J21: 34947 | K21: 36076 | L21: 34277 | M21: 34329 | N21: 26852 | O21: N/A | P21: 1971 | Q21: 2018
A22: Decile 1 maximum temperature (Degrees C) for years 1971 to 2018 | B22: 19.6 | C22: 19.9 | D22: 18.4 | E22: 15.9 | F22: 13.9 | G22: 11.8 | H22: 11.2 | I22: 12 | J22: 13.3 | K22: 14.6 | L22: 16.2 | M22: 18 | O22: 47 | P22: 1971 | Q22: 2018
A23: Decile 9 maximum temperature (Degrees C) for years 1971 to 2018 | B23: 35.3 | C23: 34.3 | D23: 31.5 | E23: 25.8 | F23: 21.2 | G23: 16.9 | H23: 16.3 | I23: 18.5 | J23: 22 | K23: 26 | L23: 29.8 | M23: 32.6 | O23: 47 | P23: 1971 | Q23: 2018
A24: Mean number of days >= 30 Degrees C for years 1971 to 2018 | B24: 7 | C24: 7.1 | D24: 4.3 | E24: 0.3 | F24: 0 | G24: 0 | H24: 0 | I24: 0 | J24: 0 | K24: 0.8 | L24: 2.9 | M24: 5.1 | N24: 27.5 | O24: 46 | P24: 1971 | Q24: 2018
A25: Mean number of days >= 35 Degrees C for years 1971 to 2018 | B25: 3.3 | C25: 2.1 | D25: 0.8 | E25: 0 | F25: 0 | G25: 0 | H25: 0 | I25: 0 | J25: 0 | K25: 0 | L25: 0.6 | M25: 1.9 | N25: 8.7 | O25: 46 | P25: 1971 | Q25: 2018
A26: Mean number of days >= 40 Degrees C for years 1971 to 2018 | B26: 0.7 | C26: 0.2 | D26: 0.1 | E26: 0 | F26: 0 | G26: 0 | H26: 0 | I26: 0 | J26: 0 | K26: 0 | L26: 0 | M26: 0.2 | N26: 1.2 | O26: 46 | P26: 1971 | Q26: 2018
A27: Mean minimum temperature (Degrees C) for years 1971 to 2018 | B27: 14.3 | C27: 14.4 | D27: 13 | E27: 10.5 | F27: 8.7 | G27: 6.7 | H27: 6.2 | I27: 6.9 | J27: 8.1 | K27: 9.3 | L27: 11.1 | M27: 12.7 | N27: 10.2 | O27: 46 | P27: 1971 | Q27: 2018
A28: Lowest temperature (Degrees C) for years 1971 to 2018 | B28: 6 | C28: 5.2 | D28: 2.9 | E28: 1 | F28: 0 | G28: -2.2 | H28: -3.8 | I28: -2.8 | J28: -1.8 | K28: 0.6 | L28: 2.2 | M28: 1.3 | N28: -3.8 | O28: 46 | P28: 1971 | Q28: 2018
A29: Date of Lowest temperature for years 1971 to 2018 | B29: 39816 | C29: 30009 | D29: 34041 | E29: 36279 | F29: 39592 | G29: 26474 | H29: 35641 | I29: 35646 | J29: 35702 | K29: 34271 | L29: 29529 | M29: 33940 | N29: 35641 | O29: N/A | P29: 1971 | Q29: 2018
A30: Highest minimum temperature (Degrees C) for years 1971 to 2018 | B30: 28.7 | C30: 25.3 | D30: 24 | E30: 22.6 | F30: 18.4 | G30: 15.7 | H30: 14.6 | I30: 16.8 | J30: 20.1 | K30: 23.1 | L30: 24.2 | M30: 28.5 | N30: 28.7 | O30: 46 | P30: 1971 | Q30: 2018
A31: Date of Highest minimum temperature for years 1971 to 2018 | B31: 42743 | C31: 29626 | D31: 39525 | E31: 41731 | F31: 32998 | G31: 37414 | H31: 34153 | I31: 38225 | J31: 36432 | K31: 43027 | L31: 31013 | M31: 42358 | N31: 42743 | O31: N/A | P31: 1971 | Q31: 2018
A32: Decile 1 minimum temperature (Degrees C) for years 1971 to 2018 | B32: 10.2 | C32: 10.3 | D32: 8.8 | E32: 6 | F32: 4.3 | G32: 2.3 | H32: 1.9 | I32: 3 | J32: 3.9 | K32: 5.1 | L32: 7.1 | M32: 9 | O32: 47 | P32: 1971 | Q32: 2018
A33: Decile 9 minimum temperature (Degrees C) for years 1971 to 2018 | B33: 18.5 | C33: 18.5 | D33: 17.3 | E33: 14.6 | F33: 12.7 | G33: 10.6 | H33: 9.7 | I33: 10.2 | J33: 11.7 | K33: 13.4 | L33: 15.2 | M33: 16.6 | O33: 47 | P33: 1971 | Q33: 2018
A34: Mean number of days <= 2 Degrees C for years 1971 to 2018 | B34: 0 | C34: 0 | D34: 0 | E34: 0.2 | F34: 0.7 | G34: 2.6 | H34: 3.3 | I34: 1.7 | J34: 0.7 | K34: 0.1 | L34: 0 | M34: 0 | N34: 9.3 | O34: 46 | P34: 1971 | Q34: 2018
A35: Mean number of days <= 0 Degrees C for years 1971 to 2018 | B35: 0 | C35: 0 | D35: 0 | E35: 0 | F35: 0 | G35: 0.6 | H35: 1.1 | I35: 0.3 | J35: 0.1 | K35: 0 | L35: 0 | M35: 0 | N35: 2.1 | O35: 46 | P35: 1971 | Q35: 2018
A36: Mean daily ground minimum temperature Degrees C for years null to null
A37: Lowest ground temperature Degrees C for years null to null
A38: Date of Lowest ground temperature for years null to null | O38: N/A
A39: Mean number of days ground min. temp. <= -1 Degrees C for years null to null
A40: Mean rainfall (mm) for years 1950 to 2018 | B40: 44.4 | C40: 45 | D40: 43.7 | E40: 62.5 | F40: 68.9 | G40: 55.9 | H40: 61.7 | I40: 65.1 | J40: 64.6 | K40: 68.8 | L40: 62.4 | M40: 60.5 | N40: 707.8 | O40: 61 | P40: 1950 | Q40: 2018
A41: Highest rainfall (mm) for years 1950 to 2018 | B41: 137 | C41: 215.2 | D41: 129.6 | E41: 158.8 | F41: 160.1 | G41: 139.8 | H41: 165 | I41: 127.7 | J41: 122.2 | K41: 165.4 | L41: 180.6 | M41: 146.6 | N41: 965.9 | O41: 65 | P41: 1950 | Q41: 2018
A42: Date of Highest rainfall for years 1950 to 2018 | B42: 1991 | C42: 2011 | D42: 1970 | E42: 2001 | F42: 1962 | G42: 1991 | H42: 1952 | I42: 1975 | J42: 1959 | K42: 1975 | L42: 1983 | M42: 1954 | N42: 1970 | O42: N/A | P42: 1950 | Q42: 2018
A43: Lowest rainfall (mm) for years 1950 to 2018 | B43: 1.2 | C43: 0.3 | D43: 5.4 | E43: 8.2 | F43: 15.2 | G43: 5.6 | H43: 12.4 | I43: 12 | J43: 24.8 | K43: 7.4 | L43: 5.1 | M43: 2.9 | N43: 443.8 | O43: 65 | P43: 1950 | Q43: 2018
A44: Date of Lowest rainfall for years 1950 to 2018 | B44: 1990 | C44: 1956 | D44: 1951 | E44: 1963 | F44: 2005 | G44: 1994 | H44: 1994 | I44: 1994 | J44: 2008 | K44: 2006 | L44: 1961 | M44: 1972 | N44: 1967 | O44: N/A | P44: 1950 | Q44: 2018
A45: Decile 1 monthly rainfall (mm) for years 1950 to 2018 | B45: 14.9 | C45: 4.5 | D45: 16.5 | E45: 23.6 | F45: 29.2 | G45: 22.9 | H45: 29.7 | I45: 36.1 | J45: 37.7 | K45: 28.2 | L45: 22.6 | M45: 22.2 | N45: 528.6 | O45: 65 | P45: 1950 | Q45: 2018
A46: Decile 5 (median) monthly rainfall (mm) for years 1950 to 2018 | B46: 38 | C46: 33.6 | D46: 39.8 | E46: 62.5 | F46: 65.4 | G46: 55.8 | H46: 60.6 | I46: 64.8 | J46: 59.6 | K46: 66.1 | L46: 54.6 | M46: 57.6 | N46: 708.9 | O46: 65 | P46: 1950 | Q46: 2018
A47: Decile 9 monthly rainfall (mm) for years 1950 to 2018 | B47: 91.7 | C47: 89.5 | D47: 74.4 | E47: 107 | F47: 108.6 | G47: 85.1 | H47: 94.9 | I47: 95.4 | J47: 99.3 | K47: 108.4 | L47: 110.6 | M47: 105.4 | N47: 884.9 | O47: 65 | P47: 1950 | Q47: 2018
A48: Highest daily rainfall (mm) for years 1950 to 2018 | B48: 91 | C48: 140.8 | D48: 45 | E48: 64 | F48: 53.2 | G48: 51.3 | H48: 61.5 | I48: 42.8 | J48: 53.3 | K48: 72 | L48: 61.4 | M48: 85.6 | N48: 140.8 | O48: 64 | P48: 1950 | Q48: 2018
A49: Date of Highest daily rainfall for years 1950 to 2018 | B49: 35808 | C49: 40579 | D49: 35497 | E49: 37003 | F49: 27164 | G49: 18792 | H49: 19189 | I49: 28709 | J49: 21813 | K49: 40482 | L49: 30649 | M49: 20062 | N49: 40579 | O49: N/A | P49: 1950 | Q49: 2018
A50: Mean number of days of rain for years 1950 to 2018 | B50: 7.9 | C50: 6.9 | D50: 9.1 | E50: 11.6 | F50: 14.8 | G50: 14.8 | H50: 17 | I50: 17 | J50: 14.6 | K50: 13.9 | L50: 12.2 | M50: 10.1 | N50: 149.9 | O50: 65 | P50: 1950 | Q50: 2018
A51: Mean number of days of rain >= 1 mm for years 1950 to 2018 | B51: 5.4 | C51: 4.5 | D51: 5.8 | E51: 8.1 | F51: 10.8 | G51: 9.8 | H51: 11.4 | I51: 12.1 | J51: 10.5 | K51: 9.8 | L51: 8.6 | M51: 7.2 | N51: 104 | O51: 64 | P51: 1950 | Q51: 2018
A52: Mean number of days of rain >= 10 mm for years 1950 to 2018 | B52: 1.4 | C52: 1.4 | D52: 1.4 | E52: 1.8 | F52: 2 | G52: 1.5 | H52: 1.4 | I52: 1.7 | J52: 1.9 | K52: 2.1 | L52: 2.1 | M52: 1.9 | N52: 20.6 | O52: 64 | P52: 1950 | Q52: 2018
A53: Mean number of days of rain >= 25 mm for years 1950 to 2018 | B53: 0.3 | C53: 0.5 | D53: 0.2 | E53: 0.5 | F53: 0.2 | G53: 0.1 | H53: 0.2 | I53: 0.1 | J53: 0.2 | K53: 0.3 | L53: 0.3 | M53: 0.5 | N53: 3.4 | O53: 64 | P53: 1950 | Q53: 2018
A54: Mean daily wind run (km) for years 2002 to 2018 | B54: 372 | C54: 345 | D54: 331 | E54: 284 | F54: 300 | G54: 297 | H54: 338 | I54: 369 | J54: 374 | K54: 351 | L54: 360 | M54: 364 | N54: 340 | O54: 15 | P54: 2002 | Q54: 2018
A55: Maximum wind gust speed (km/h) for years 1972 to 2018 | B55: 102 | C55: 98 | D55: 100 | E55: 115 | F55: 106 | G55: 91 | H55: 108 | I55: 102 | J55: 104 | K55: 102 | L55: 108 | M55: 104 | N55: 115 | O55: 35 | P55: 1972 | Q55: 2018
A56: Date of Maximum wind gust speed for years 1972 to 2018 | B56: 27032 | C56: 30363 | D56: 30767 | E56: 27149 | F56: 28265 | G56: 32300 | H56: 32717 | I56: 27973 | J56: 30197 | K56: 42652 | L56: 28077 | M56: 32867 | N56: 27149 | O56: N/A | P56: 1972 | Q56: 2018
A57: Mean daily sunshine (hours) for years null to null
A58: Mean daily solar exposure (MJ/(m*m)) for years 1990 to 2018 | B58: 24.6 | C58: 21.4 | D58: 16.6 | E58: 11.3 | F58: 7.5 | G58: 6.1 | H58: 6.9 | I58: 9.8 | J58: 13.6 | K58: 18.2 | L58: 21.8 | M58: 24.4 | N58: 15.2 | O58: 28 | P58: 1990 | Q58: 2018
A59: Mean number of clear days for years 1971 to 2010 | B59: 1.3 | C59: 1.8 | D59: 1.7 | E59: 0.8 | F59: 1 | G59: 0.8 | H59: 0.9 | I59: 0.6 | J59: 0.9 | K59: 1 | L59: 0.9 | M59: 1.2 | N59: 12.9 | O59: 24 | P59: 1971 | Q59: 2010
A60: Mean number of cloudy days for years 1971 to 2010 | B60: 2.5 | C60: 2.8 | D60: 3.3 | E60: 4.3 | F60: 5 | G60: 5 | H60: 4.4 | I60: 4.7 | J60: 4.3 | K60: 3.5 | L60: 3.7 | M60: 3.8 | N60: 47.3 | O60: 24 | P60: 1971 | Q60: 2010
A61: Mean daily evaporation (mm) for years null to null
A62: Mean 9am temperature (Degrees C) for years 1971 to 2010 | B62: 18.5 | C62: 18.5 | D62: 17.2 | E62: 14.8 | F62: 12 | G62: 9.4 | H62: 8.9 | I62: 10.2 | J62: 12.3 | K62: 14.4 | L62: 15.7 | M62: 17.2 | N62: 14.1 | O62: 39 | P62: 1971 | Q62: 2010
A63: Mean 9am wet bulb temperature (Degrees C) for years 1971 to 2010 | B63: 15.1 | C63: 15.3 | D63: 14.4 | E63: 12.5 | F63: 10.6 | G63: 8.3 | H63: 7.5 | I63: 8.4 | J63: 9.8 | K63: 11.3 | L63: 12.7 | M63: 13.8 | N63: 11.6 | O63: 35 | P63: 1971 | Q63: 2010
A64: Mean 9am dew point temperature (Degrees C) for years 1971 to 2010 | B64: 12.1 | C64: 12.8 | D64: 11.9 | E64: 10.2 | F64: 8.9 | G64: 7 | H64: 6.1 | I64: 6.3 | J64: 7.2 | K64: 8.3 | L64: 9.8 | M64: 10.8 | N64: 9.3 | O64: 39 | P64: 1971 | Q64: 2010
A65: Mean 9am relative humidity (%) for years 1971 to 2010 | B65: 68 | C65: 72 | D65: 73 | E65: 76 | F65: 83 | G65: 85 | H65: 83 | I65: 78 | J65: 73 | K65: 69 | L65: 70 | M65: 68 | N65: 75 | O65: 39 | P65: 1971 | Q65: 2010
A66: Mean 9am cloud cover (okas) for years 1971 to 2010 | B66: 5.3 | C66: 4.8 | D66: 5.3 | E66: 5.4 | F66: 5.7 | G66: 5.6 | H66: 5.6 | I66: 5.7 | J66: 5.5 | K66: 5.3 | L66: 5.6 | M66: 5.4 | N66: 5.4 | O66: 25 | P66: 1971 | Q66: 2010
A67: Mean 9am wind speed (km/h) for years 1971 to 2010 | B67: 15.2 | C67: 12.7 | D67: 13.6 | E67: 13.3 | F67: 13 | G67: 13.6 | H67: 15.6 | I67: 17.8 | J67: 18.8 | K67: 18.6 | L67: 15.9 | M67: 16.1 | N67: 15.4 | O67: 38 | P67: 1971 | Q67: 2010
A68: Mean 3pm temperature (Degrees C) for years 1971 to 2010 | B68: 23.2 | C68: 24.4 | D68: 22.2 | E68: 18.9 | F68: 15.9 | G68: 13.1 | H68: 12.5 | I68: 13.7 | J68: 15.3 | K68: 17.4 | L68: 19.4 | M68: 21.8 | N68: 18.2 | O68: 39 | P68: 1971 | Q68: 2010
A69: Mean 3pm wet bulb temperature (Degrees C) for years 1971 to 2010 | B69: 17 | C69: 17.6 | D69: 16.4 | E69: 14.3 | F69: 12.5 | G69: 10.4 | H69: 9.6 | I69: 10.2 | J69: 11.4 | K69: 12.7 | L69: 14.3 | M69: 15.8 | N69: 13.5 | O69: 35 | P69: 1971 | Q69: 2010
A70: Mean 3pm dew point temperature (Degrees C) for years 1971 to 2010 | B70: 12.2 | C70: 12.4 | D70: 11.5 | E70: 10.1 | F70: 9.1 | G70: 7.5 | H70: 6.4 | I70: 6.2 | J70: 7.4 | K70: 8.3 | L70: 9.8 | M70: 11 | N70: 9.3 | O70: 39 | P70: 1971 | Q70: 2010
A71: Mean 3pm relative humidity (%) for years 1971 to 2010 | B71: 53 | C71: 51 | D71: 54 | E71: 59 | F71: 65 | G71: 70 | H71: 67 | I71: 62 | J71: 61 | K71: 58 | L71: 57 | M71: 54 | N71: 59 | O71: 39 | P71: 1971 | Q71: 2010
A72: Mean 3pm cloud cover (oktas) for years 1971 to 2010 | B72: 3.6 | C72: 4 | D72: 4.7 | E72: 5.2 | F72: 5.5 | G72: 5.7 | H72: 5 | I72: 5.4 | J72: 5.5 | K72: 5.1 | L72: 4.7 | M72: 5 | N72: 5 | O72: 24 | P72: 1971 | Q72: 2010
A73: Mean 3pm wind speed (km/h) for years 1971 to 2010 | B73: 23.3 | C73: 22 | D73: 21.2 | E73: 19.5 | F73: 18.2 | G73: 18.9 | H73: 20.5 | I73: 22 | J73: 22.7 | K73: 23 | L73: 22.6 | M73: 23.1 | N73: 21.4 | O73: 23 | P73: 1971 | Q73: 2010

Sheet Climate
A1: ='BOM csv data'!A5 -> Monthly Climate Statistics for 'MOORABBIN AIRPORT' [086077]
A2: Statistics | B2: Jan | C2: Feb | D2: Mar | E2: Apr | F2: May | G2: Jun | H2: Jul | I2: Aug | J2: Sep | K2: Oct | L2: Nov | M2: Dec | N2: Annual | P2: NOTES (scroll down)
A3: Maximum temperature | P3: Click here to view Heat graph
A4: Mean maximum temperature (°C) | B4: ='BOM csv data'!B17 -> 25.8 | C4: ='BOM csv data'!C17 -> 26.1 | D4: ='BOM csv data'!D17 -> 23.8 | E4: ='BOM csv data'!E17 -> 20.2 | F4: ='BOM csv data'!F17 -> 17 | G4: ='BOM csv data'!G17 -> 14.2 | H4: ='BOM csv data'!H17 -> 13.7 | I4: ='BOM csv data'!I17 -> 14.9 | ... N4: ='BOM csv data'!N17 -> 19.8
A5: Highest temperature (°C) | B5: ='BOM csv data'!B18 -> 44.9 | C5: ='BOM csv data'!C18 -> 46.7 | D5: ='BOM csv data'!D18 -> 40.8 | E5: ='BOM csv data'!E18 -> 34.9 | F5: ='BOM csv data'!F18 -> 26.6 | G5: ='BOM csv data'!G18 -> 23.7 | H5: ='BOM csv data'!H18 -> 23.1 | I5: ='BOM csv data'!I18 -> 25.6 | ... N5: ='BOM csv data'!N18 -> 46.7
A6: Lowest maximum temperature (°C) | B6: ='BOM csv data'!B20 -> 15 | C6: ='BOM csv data'!C20 -> 14.5 | D6: ='BOM csv data'!D20 -> 14.5 | E6: ='BOM csv data'!E20 -> 12.2 | F6: ='BOM csv data'!F20 -> 8.4 | G6: ='BOM csv data'!G20 -> 8.2 | H6: ='BOM csv data'!H20 -> 6.6 | I6: ='BOM csv data'!I20 -> 8.8 | ... N6: ='BOM csv data'!N20 -> 6.6
A7: Decile 1 maximum temperature (°C) | B7: ='BOM csv data'!B22 -> 19.6 | C7: ='BOM csv data'!C22 -> 19.9 | D7: ='BOM csv data'!D22 -> 18.4 | E7: ='BOM csv data'!E22 -> 15.9 | F7: ='BOM csv data'!F22 -> 13.9 | G7: ='BOM csv data'!G22 -> 11.8 | H7: ='BOM csv data'!H22 -> 11.2 | I7: ='BOM csv data'!I22 -> 12 | ... N7: ='BOM csv data'!N22
A8: Decile 9 maximum temperature(°C) | B8: ='BOM csv data'!B23 -> 35.3 | C8: ='BOM csv data'!C23 -> 34.3 | D8: ='BOM csv data'!D23 -> 31.5 | E8: ='BOM csv data'!E23 -> 25.8 | F8: ='BOM csv data'!F23 -> 21.2 | G8: ='BOM csv data'!G23 -> 16.9 | H8: ='BOM csv data'!H23 -> 16.3 | I8: ='BOM csv data'!I23 -> 18.5 | ... N8: ='BOM csv data'!N23
A9: Mean number of days ≥ 30 °C | B9: ='BOM csv data'!B24 -> 7 | C9: ='BOM csv data'!C24 -> 7.1 | D9: ='BOM csv data'!D24 -> 4.3 | E9: ='BOM csv data'!E24 -> 0.3 | F9: ='BOM csv data'!F24 -> 0 | G9: ='BOM csv data'!G24 -> 0 | H9: ='BOM csv data'!H24 -> 0 | I9: ='BOM csv data'!I24 -> 0 | ... N9: ='BOM csv data'!N24 -> 27.5
A10: Mean number of days ≥ 32 °C | B10: =+B11+2.5*(B9-B11)/5 -> 5.15 | C10: =+C11+2.5*(C9-C11)/5 -> 4.6 | D10: =+D11+2.5*(D9-D11)/5 -> 2.55 | E10: =+E11+2.5*(E9-E11)/5 -> 0.15 | F10: =+F11+2.5*(F9-F11)/5 -> 0 | G10: =+G11+2.5*(G9-G11)/5 -> 0 | H10: =+H11+2.5*(H9-H11)/5 -> 0 | I10: =+I11+2.5*(I9-I11)/5 -> 0 | ... M10: =+M11+2.5*(M9-M11)/5 -> 3.5 | N10: =SUM(B10:M10) -> 18.1 | O10: <---Interpolated
A11: Mean number of days ≥ 35 °C | B11: ='BOM csv data'!B25 -> 3.3 | C11: ='BOM csv data'!C25 -> 2.1 | D11: ='BOM csv data'!D25 -> 0.8 | E11: ='BOM csv data'!E25 -> 0 | F11: ='BOM csv data'!F25 -> 0 | G11: ='BOM csv data'!G25 -> 0 | H11: ='BOM csv data'!H25 -> 0 | I11: ='BOM csv data'!I25 -> 0 | ... N11: ='BOM csv data'!N25 -> 8.7
A12: Mean number of days ≥ 37 °C | B12: =+B13+2.5*(B11-B13)/5 -> 2 | C12: =+C13+2.5*(C11-C13)/5 -> 1.15 | D12: =+D13+2.5*(D11-D13)/5 -> 0.45 | E12: =+E13+2.5*(E11-E13)/5 -> 0 | F12: =+F13+2.5*(F11-F13)/5 -> 0 | G12: =+G13+2.5*(G11-G13)/5 -> 0 | H12: =+H13+2.5*(H11-H13)/5 -> 0 | I12: =+I13+2.5*(I11-I13)/5 -> 0 | ... M12: =+M13+2.5*(M11-M13)/5 -> 1.05 | N12: =SUM(B12:M12) -> 4.95 | O12: <---Interpolated
A13: Mean number of days ≥ 40 °C | B13: ='BOM csv data'!B26 -> 0.7 | C13: ='BOM csv data'!C26 -> 0.2 | D13: ='BOM csv data'!D26 -> 0.1 | E13: ='BOM csv data'!E26 -> 0 | F13: ='BOM csv data'!F26 -> 0 | G13: ='BOM csv data'!G26 -> 0 | H13: ='BOM csv data'!H26 -> 0 | I13: ='BOM csv data'!I26 -> 0 | ... N13: ='BOM csv data'!N26 -> 1.2
A14: Minimum temperature | P14: Click here to view Cold Graph
A15: Mean minimum temperature (°C) | B15: ='BOM csv data'!B27 -> 14.3 | C15: ='BOM csv data'!C27 -> 14.4 | D15: ='BOM csv data'!D27 -> 13 | E15: ='BOM csv data'!E27 -> 10.5 | F15: ='BOM csv data'!F27 -> 8.7 | G15: ='BOM csv data'!G27 -> 6.7 | H15: ='BOM csv data'!H27 -> 6.2 | I15: ='BOM csv data'!I27 -> 6.9 | ... N15: ='BOM csv data'!N27 -> 10.2
A16: Lowest temperature (°C) | B16: ='BOM csv data'!B28 -> 6 | C16: ='BOM csv data'!C28 -> 5.2 | D16: ='BOM csv data'!D28 -> 2.9 | E16: ='BOM csv data'!E28 -> 1 | F16: ='BOM csv data'!F28 -> 0 | G16: ='BOM csv data'!G28 -> -2.2 | H16: ='BOM csv data'!H28 -> -3.8 | I16: ='BOM csv data'!I28 -> -2.8 | ... N16: ='BOM csv data'!N28 -> -3.8
A17: Highest minimum temperature (°C) | B17: ='BOM csv data'!B30 -> 28.7 | C17: ='BOM csv data'!C30 -> 25.3 | D17: ='BOM csv data'!D30 -> 24 | E17: ='BOM csv data'!E30 -> 22.6 | F17: ='BOM csv data'!F30 -> 18.4 | G17: ='BOM csv data'!G30 -> 15.7 | H17: ='BOM csv data'!H30 -> 14.6 | I17: ='BOM csv data'!I30 -> 16.8 | ... N17: ='BOM csv data'!N30 -> 28.7
A18: Decile 1 minimum temperature (°C) | B18: ='BOM csv data'!B32 -> 10.2 | C18: ='BOM csv data'!C32 -> 10.3 | D18: ='BOM csv data'!D32 -> 8.8 | E18: ='BOM csv data'!E32 -> 6 | F18: ='BOM csv data'!F32 -> 4.3 | G18: ='BOM csv data'!G32 -> 2.3 | H18: ='BOM csv data'!H32 -> 1.9 | I18: ='BOM csv data'!I32 -> 3 | ... N18: ='BOM csv data'!N32
A19: Decile 9 minimum temperature (°C) | B19: ='BOM csv data'!B33 -> 18.5 | C19: ='BOM csv data'!C33 -> 18.5 | D19: ='BOM csv data'!D33 -> 17.3 | E19: ='BOM csv data'!E33 -> 14.6 | F19: ='BOM csv data'!F33 -> 12.7 | G19: ='BOM csv data'!G33 -> 10.6 | H19: ='BOM csv data'!H33 -> 9.7 | I19: ='BOM csv data'!I33 -> 10.2 | ... N19: ='BOM csv data'!N33
A20: Mean number of days ≤ 2 °C | B20: ='BOM csv data'!B34 -> 0 | C20: ='BOM csv data'!C34 -> 0 | D20: ='BOM csv data'!D34 -> 0 | E20: ='BOM csv data'!E34 -> 0.2 | F20: ='BOM csv data'!F34 -> 0.7 | G20: ='BOM csv data'!G34 -> 2.6 | H20: ='BOM csv data'!H34 -> 3.3 | I20: ='BOM csv data'!I34 -> 1.7 | ... N20: ='BOM csv data'!N34 -> 9.3
A21: Mean number of days ≤ 0 °C | B21: ='BOM csv data'!B35 -> 0 | C21: ='BOM csv data'!C35 -> 0 | D21: ='BOM csv data'!D35 -> 0 | E21: ='BOM csv data'!E35 -> 0 | F21: ='BOM csv data'!F35 -> 0 | G21: ='BOM csv data'!G35 -> 0.6 | H21: ='BOM csv data'!H35 -> 1.1 | I21: ='BOM csv data'!I35 -> 0.3 | ... N21: ='BOM csv data'!N35 -> 2.1
A22: Ground surface temperature
A23: Mean daily ground minimum temperature (°C) | B23: ='BOM csv data'!B36 | C23: ='BOM csv data'!C36 | D23: ='BOM csv data'!D36 | E23: ='BOM csv data'!E36 | F23: ='BOM csv data'!F36 | G23: ='BOM csv data'!G36 | H23: ='BOM csv data'!H36 | I23: ='BOM csv data'!I36 | ... N23: ='BOM csv data'!N36
A24: Lowest ground temperature (°C) | B24: ='BOM csv data'!B37 | C24: ='BOM csv data'!C37 | D24: ='BOM csv data'!D37 | E24: ='BOM csv data'!E37 | F24: ='BOM csv data'!F37 | G24: ='BOM csv data'!G37 | H24: ='BOM csv data'!H37 | I24: ='BOM csv data'!I37 | ... N24: ='BOM csv data'!N37
A25: Mean number of days ground min. temp. ≤ -1 °C | B25: ='BOM csv data'!B39 | C25: ='BOM csv data'!C39 | D25: ='BOM csv data'!D39 | E25: ='BOM csv data'!E39 | F25: ='BOM csv data'!F39 | G25: ='BOM csv data'!G39 | H25: ='BOM csv data'!H39 | I25: ='BOM csv data'!I39 | ... N25: ='BOM csv data'!N39
A26: Rainfall | P26: Click here to view Rainfall Graph
A27: Highest rainfall (mm) | B27: ='BOM csv data'!B41 -> 137 | C27: ='BOM csv data'!C41 -> 215.2 | D27: ='BOM csv data'!D41 -> 129.6 | E27: ='BOM csv data'!E41 -> 158.8 | F27: ='BOM csv data'!F41 -> 160.1 | G27: ='BOM csv data'!G41 -> 139.8 | H27: ='BOM csv data'!H41 -> 165 | I27: ='BOM csv data'!I41 -> 127.7 | ... N27: ='BOM csv data'!N41 -> 965.9
A28: Decile 9 rainfall (mm) | B28: ='BOM csv data'!B47 -> 91.7 | C28: ='BOM csv data'!C47 -> 89.5 | D28: ='BOM csv data'!D47 -> 74.4 | E28: ='BOM csv data'!E47 -> 107 | F28: ='BOM csv data'!F47 -> 108.6 | G28: ='BOM csv data'!G47 -> 85.1 | H28: ='BOM csv data'!H47 -> 94.9 | I28: ='BOM csv data'!I47 -> 95.4 | ... N28: ='BOM csv data'!N47 -> 884.9
A29: Mean rainfall (mm) | B29: ='BOM csv data'!B40 -> 44.4 | C29: ='BOM csv data'!C40 -> 45 | D29: ='BOM csv data'!D40 -> 43.7 | E29: ='BOM csv data'!E40 -> 62.5 | F29: ='BOM csv data'!F40 -> 68.9 | G29: ='BOM csv data'!G40 -> 55.9 | H29: ='BOM csv data'!H40 -> 61.7 | I29: ='BOM csv data'!I40 -> 65.1 | ... N29: ='BOM csv data'!N40 -> 707.8
A30: Decile 5 (median) rainfall (mm) | B30: ='BOM csv data'!B46 -> 38 | C30: ='BOM csv data'!C46 -> 33.6 | D30: ='BOM csv data'!D46 -> 39.8 | E30: ='BOM csv data'!E46 -> 62.5 | F30: ='BOM csv data'!F46 -> 65.4 | G30: ='BOM csv data'!G46 -> 55.8 | H30: ='BOM csv data'!H46 -> 60.6 | I30: ='BOM csv data'!I46 -> 64.8 | ... N30: ='BOM csv data'!N46 -> 708.9
A31: Decile 1 rainfall (mm) | B31: ='BOM csv data'!B45 -> 14.9 | C31: ='BOM csv data'!C45 -> 4.5 | D31: ='BOM csv data'!D45 -> 16.5 | E31: ='BOM csv data'!E45 -> 23.6 | F31: ='BOM csv data'!F45 -> 29.2 | G31: ='BOM csv data'!G45 -> 22.9 | H31: ='BOM csv data'!H45 -> 29.7 | I31: ='BOM csv data'!I45 -> 36.1 | ... N31: ='BOM csv data'!N45 -> 528.6
A32: Lowest rainfall (mm) | B32: ='BOM csv data'!B43 -> 1.2 | C32: ='BOM csv data'!C43 -> 0.3 | D32: ='BOM csv data'!D43 -> 5.4 | E32: ='BOM csv data'!E43 -> 8.2 | F32: ='BOM csv data'!F43 -> 15.2 | G32: ='BOM csv data'!G43 -> 5.6 | H32: ='BOM csv data'!H43 -> 12.4 | I32: ='BOM csv data'!I43 -> 12 | ... N32: ='BOM csv data'!N43 -> 443.8
A33: Highest daily rainfall (mm) | B33: ='BOM csv data'!B48 -> 91 | C33: ='BOM csv data'!C48 -> 140.8 | D33: ='BOM csv data'!D48 -> 45 | E33: ='BOM csv data'!E48 -> 64 | F33: ='BOM csv data'!F48 -> 53.2 | G33: ='BOM csv data'!G48 -> 51.3 | H33: ='BOM csv data'!H48 -> 61.5 | I33: ='BOM csv data'!I48 -> 42.8 | ... N33: ='BOM csv data'!N48 -> 140.8
A34: Mean number of days of rain | B34: ='BOM csv data'!B50 -> 7.9 | C34: ='BOM csv data'!C50 -> 6.9 | D34: ='BOM csv data'!D50 -> 9.1 | E34: ='BOM csv data'!E50 -> 11.6 | F34: ='BOM csv data'!F50 -> 14.8 | G34: ='BOM csv data'!G50 -> 14.8 | H34: ='BOM csv data'!H50 -> 17 | I34: ='BOM csv data'!I50 -> 17 | ... N34: ='BOM csv data'!N50 -> 149.9
A35: Mean number of rain days < 1 mm | B35: =+B34-B37-B39-B40 -> 2.5 | C35: =+C34-C37-C39-C40 -> 2.4 | D35: =+D34-D37-D39-D40 -> 3.3 | E35: =+E34-E37-E39-E40 -> 3.5 | F35: =+F34-F37-F39-F40 -> 4 | G35: =+G34-G37-G39-G40 -> 5 | H35: =+H34-H37-H39-H40 -> 5.6 | I35: =+I34-I37-I39-I40 -> 4.9 | ... M35: =+M34-M37-M39-M40 -> 2.9 | N35: =SUM(B35:M35) -> 45.9 | O35: <---Interpolated | P35: <-----Used in GREEN TAB <1mm
A36: Mean number of days of rain ≥ 1 mm | B36: ='BOM csv data'!B51 -> 5.4 | C36: ='BOM csv data'!C51 -> 4.5 | D36: ='BOM csv data'!D51 -> 5.8 | E36: ='BOM csv data'!E51 -> 8.1 | F36: ='BOM csv data'!F51 -> 10.8 | G36: ='BOM csv data'!G51 -> 9.8 | H36: ='BOM csv data'!H51 -> 11.4 | I36: ='BOM csv data'!I51 -> 12.1 | ... N36: ='BOM csv data'!N51 -> 104
A37: Mean number of rain days ≥ 1 mm and < 10 mm | B37: =+B36-B38 -> 4 | C37: =+C36-C38 -> 3.1 | D37: =+D36-D38 -> 4.4 | E37: =+E36-E38 -> 6.3 | F37: =+F36-F38 -> 8.8 | G37: =+G36-G38 -> 8.3 | H37: =+H36-H38 -> 10 | I37: =+I36-I38 -> 10.4 | ... N37: =+N36-N38 -> 83.4 | O37: <---Interpolated | P37: <-----Used in GREEN TAB ≥ 1 mm & < 10 mm
A38: Mean number of days of rain ≥ 10 mm | B38: ='BOM csv data'!B52 -> 1.4 | C38: ='BOM csv data'!C52 -> 1.4 | D38: ='BOM csv data'!D52 -> 1.4 | E38: ='BOM csv data'!E52 -> 1.8 | F38: ='BOM csv data'!F52 -> 2 | G38: ='BOM csv data'!G52 -> 1.5 | H38: ='BOM csv data'!H52 -> 1.4 | I38: ='BOM csv data'!I52 -> 1.7 | ... N38: ='BOM csv data'!N52 -> 20.6
A39: Mean number of rain days ≥ 10 mm and < 25 mm | B39: =+B38-B40 -> 1.1 | C39: =+C38-C40 -> 0.9 | D39: =+D38-D40 -> 1.2 | E39: =+E38-E40 -> 1.3 | F39: =+F38-F40 -> 1.8 | G39: =+G38-G40 -> 1.4 | H39: =+H38-H40 -> 1.2 | I39: =+I38-I40 -> 1.6 | ... N39: =+N38-N40 -> 17.2 | O39: <---Interpolated | P39: <-----Used in GREEN TAB ≥ 10 mm & < 25 mm
A40: Mean number of days of rain ≥ 25 mm | B40: ='BOM csv data'!B53 -> 0.3 | C40: ='BOM csv data'!C53 -> 0.5 | D40: ='BOM csv data'!D53 -> 0.2 | E40: ='BOM csv data'!E53 -> 0.5 | F40: ='BOM csv data'!F53 -> 0.2 | G40: ='BOM csv data'!G53 -> 0.1 | H40: ='BOM csv data'!H53 -> 0.2 | I40: ='BOM csv data'!I53 -> 0.1 | ... N40: ='BOM csv data'!N53 -> 3.4 | P40: <-----Used in GREEN TAB ≥ 25 mm
A41: Other daily elements : Wind, Sunshine, Clear/Cloudy, Evaporation | P41: Click here to view Wind Graph
A42: Mean daily wind run (km) | B42: ='BOM csv data'!B54 -> 372 | C42: ='BOM csv data'!C54 -> 345 | D42: ='BOM csv data'!D54 -> 331 | E42: ='BOM csv data'!E54 -> 284 | F42: ='BOM csv data'!F54 -> 300 | G42: ='BOM csv data'!G54 -> 297 | H42: ='BOM csv data'!H54 -> 338 | I42: ='BOM csv data'!I54 -> 369 | ... N42: ='BOM csv data'!N54 -> 340
A43: Maximum wind gust speed (km/h) | B43: ='BOM csv data'!B55 -> 102 | C43: ='BOM csv data'!C55 -> 98 | D43: ='BOM csv data'!D55 -> 100 | E43: ='BOM csv data'!E55 -> 115 | F43: ='BOM csv data'!F55 -> 106 | G43: ='BOM csv data'!G55 -> 91 | H43: ='BOM csv data'!H55 -> 108 | I43: ='BOM csv data'!I55 -> 102 | ... N43: ='BOM csv data'!N55 -> 115
A44: Mean daily sunshine (hours) | B44: ='BOM csv data'!B57 | C44: ='BOM csv data'!C57 | D44: ='BOM csv data'!D57 | E44: ='BOM csv data'!E57 | F44: ='BOM csv data'!F57 | G44: ='BOM csv data'!G57 | H44: ='BOM csv data'!H57 | I44: ='BOM csv data'!I57 | ... N44: ='BOM csv data'!N57
A45: Mean daily solar exposure (MJ/m2) | B45: ='BOM csv data'!B58 -> 24.6 | C45: ='BOM csv data'!C58 -> 21.4 | D45: ='BOM csv data'!D58 -> 16.6 | E45: ='BOM csv data'!E58 -> 11.3 | F45: ='BOM csv data'!F58 -> 7.5 | G45: ='BOM csv data'!G58 -> 6.1 | H45: ='BOM csv data'!H58 -> 6.9 | I45: ='BOM csv data'!I58 -> 9.8 | ... N45: ='BOM csv data'!N58 -> 15.2
A46: Mean number of clear days | B46: ='BOM csv data'!B59 -> 1.3 | C46: ='BOM csv data'!C59 -> 1.8 | D46: ='BOM csv data'!D59 -> 1.7 | E46: ='BOM csv data'!E59 -> 0.8 | F46: ='BOM csv data'!F59 -> 1 | G46: ='BOM csv data'!G59 -> 0.8 | H46: ='BOM csv data'!H59 -> 0.9 | I46: ='BOM csv data'!I59 -> 0.6 | ... N46: ='BOM csv data'!N59 -> 12.9
A47: Mean number of cloudy days | B47: ='BOM csv data'!B60 -> 2.5 | C47: ='BOM csv data'!C60 -> 2.8 | D47: ='BOM csv data'!D60 -> 3.3 | E47: ='BOM csv data'!E60 -> 4.3 | F47: ='BOM csv data'!F60 -> 5 | G47: ='BOM csv data'!G60 -> 5 | H47: ='BOM csv data'!H60 -> 4.4 | I47: ='BOM csv data'!I60 -> 4.7 | ... N47: ='BOM csv data'!N60 -> 47.3
A48: Mean daily evaporation (mm) | B48: ='BOM csv data'!B61 | C48: ='BOM csv data'!C61 | D48: ='BOM csv data'!D61 | E48: ='BOM csv data'!E61 | F48: ='BOM csv data'!F61 | G48: ='BOM csv data'!G61 | H48: ='BOM csv data'!H61 | I48: ='BOM csv data'!I61 | ... N48: ='BOM csv data'!N61
A49: 9 am conditions
A50: Mean 9am temperature (°C) | B50: ='BOM csv data'!B62 -> 18.5 | C50: ='BOM csv data'!C62 -> 18.5 | D50: ='BOM csv data'!D62 -> 17.2 | E50: ='BOM csv data'!E62 -> 14.8 | F50: ='BOM csv data'!F62 -> 12 | G50: ='BOM csv data'!G62 -> 9.4 | H50: ='BOM csv data'!H62 -> 8.9 | I50: ='BOM csv data'!I62 -> 10.2 | ... N50: ='BOM csv data'!N62 -> 14.1 | P50: Note : Some of the BoM Weather Stations
A51: Mean 9am wet-bulb temperature (°C) | B51: ='BOM csv data'!B63 -> 15.1 | C51: ='BOM csv data'!C63 -> 15.3 | D51: ='BOM csv data'!D63 -> 14.4 | E51: ='BOM csv data'!E63 -> 12.5 | F51: ='BOM csv data'!F63 -> 10.6 | G51: ='BOM csv data'!G63 -> 8.3 | H51: ='BOM csv data'!H63 -> 7.5 | I51: ='BOM csv data'!I63 -> 8.4 | ... N51: ='BOM csv data'!N63 -> 11.6 | P51: Do not have Wind Records
A52: Mean 9am dew-point temperature (°C) | B52: ='BOM csv data'!B64 -> 12.1 | C52: ='BOM csv data'!C64 -> 12.8 | D52: ='BOM csv data'!D64 -> 11.9 | E52: ='BOM csv data'!E64 -> 10.2 | F52: ='BOM csv data'!F64 -> 8.9 | G52: ='BOM csv data'!G64 -> 7 | H52: ='BOM csv data'!H64 -> 6.1 | I52: ='BOM csv data'!I64 -> 6.3 | ... N52: ='BOM csv data'!N64 -> 9.3 | P52: In this case you may need to choose
A53: Mean 9am relative humidity (%) | B53: ='BOM csv data'!B65 -> 68 | C53: ='BOM csv data'!C65 -> 72 | D53: ='BOM csv data'!D65 -> 73 | E53: ='BOM csv data'!E65 -> 76 | F53: ='BOM csv data'!F65 -> 83 | G53: ='BOM csv data'!G65 -> 85 | H53: ='BOM csv data'!H65 -> 83 | I53: ='BOM csv data'!I65 -> 78 | ... N53: ='BOM csv data'!N65 -> 75 | P53: another adjacent BoM station to download
A54: Mean 9am cloud cover (oktas) | B54: ='BOM csv data'!B66 -> 5.3 | C54: ='BOM csv data'!C66 -> 4.8 | D54: ='BOM csv data'!D66 -> 5.3 | E54: ='BOM csv data'!E66 -> 5.4 | F54: ='BOM csv data'!F66 -> 5.7 | G54: ='BOM csv data'!G66 -> 5.6 | H54: ='BOM csv data'!H66 -> 5.6 | I54: ='BOM csv data'!I66 -> 5.7 | ... N54: ='BOM csv data'!N66 -> 5.4 | P54: approximate wind data
A55: Mean 9am wind speed (km/h) | B55: ='BOM csv data'!B67 -> 15.2 | C55: ='BOM csv data'!C67 -> 12.7 | D55: ='BOM csv data'!D67 -> 13.6 | E55: ='BOM csv data'!E67 -> 13.3 | F55: ='BOM csv data'!F67 -> 13 | G55: ='BOM csv data'!G67 -> 13.6 | H55: ='BOM csv data'!H67 -> 15.6 | I55: ='BOM csv data'!I67 -> 17.8 | ... N55: ='BOM csv data'!N67 -> 15.4
A56: 3 pm conditions
A57: Mean 3pm temperature (°C) | B57: ='BOM csv data'!B68 -> 23.2 | C57: ='BOM csv data'!C68 -> 24.4 | D57: ='BOM csv data'!D68 -> 22.2 | E57: ='BOM csv data'!E68 -> 18.9 | F57: ='BOM csv data'!F68 -> 15.9 | G57: ='BOM csv data'!G68 -> 13.1 | H57: ='BOM csv data'!H68 -> 12.5 | I57: ='BOM csv data'!I68 -> 13.7 | ... N57: ='BOM csv data'!N68 -> 18.2
A58: Mean 3pm wet-bulb temperature (°C) | B58: ='BOM csv data'!B69 -> 17 | C58: ='BOM csv data'!C69 -> 17.6 | D58: ='BOM csv data'!D69 -> 16.4 | E58: ='BOM csv data'!E69 -> 14.3 | F58: ='BOM csv data'!F69 -> 12.5 | G58: ='BOM csv data'!G69 -> 10.4 | H58: ='BOM csv data'!H69 -> 9.6 | I58: ='BOM csv data'!I69 -> 10.2 | ... N58: ='BOM csv data'!N69 -> 13.5
A59: Mean 3pm dew-point temperature (°C) | B59: ='BOM csv data'!B70 -> 12.2 | C59: ='BOM csv data'!C70 -> 12.4 | D59: ='BOM csv data'!D70 -> 11.5 | E59: ='BOM csv data'!E70 -> 10.1 | F59: ='BOM csv data'!F70 -> 9.1 | G59: ='BOM csv data'!G70 -> 7.5 | H59: ='BOM csv data'!H70 -> 6.4 | I59: ='BOM csv data'!I70 -> 6.2 | ... N59: ='BOM csv data'!N70 -> 9.3
A60: Mean 3pm relative humidity (%) | B60: ='BOM csv data'!B71 -> 53 | C60: ='BOM csv data'!C71 -> 51 | D60: ='BOM csv data'!D71 -> 54 | E60: ='BOM csv data'!E71 -> 59 | F60: ='BOM csv data'!F71 -> 65 | G60: ='BOM csv data'!G71 -> 70 | H60: ='BOM csv data'!H71 -> 67 | I60: ='BOM csv data'!I71 -> 62 | ... N60: ='BOM csv data'!N71 -> 59
A61: Mean 3pm cloud cover (oktas) | B61: ='BOM csv data'!B72 -> 3.6 | C61: ='BOM csv data'!C72 -> 4 | D61: ='BOM csv data'!D72 -> 4.7 | E61: ='BOM csv data'!E72 -> 5.2 | F61: ='BOM csv data'!F72 -> 5.5 | G61: ='BOM csv data'!G72 -> 5.7 | H61: ='BOM csv data'!H72 -> 5 | I61: ='BOM csv data'!I72 -> 5.4 | ... N61: ='BOM csv data'!N72 -> 5
A62: Mean 3pm wind speed (km/h) | B62: ='BOM csv data'!B73 -> 23.3 | C62: ='BOM csv data'!C73 -> 22 | D62: ='BOM csv data'!D73 -> 21.2 | E62: ='BOM csv data'!E73 -> 19.5 | F62: ='BOM csv data'!F73 -> 18.2 | G62: ='BOM csv data'!G73 -> 18.9 | H62: ='BOM csv data'!H73 -> 20.5 | I62: ='BOM csv data'!I73 -> 22 | ... N62: ='BOM csv data'!N73 -> 21.4 | P62: These wind speeds populate the Green TAB colour scales
A151: Calculations used in Green Tab
A152: Heat
A153: Editable Threshholds for HEAT Colour Scale Indicators | B153: Low > | C153: 19 | D153: > Med > | E153: 25 | F153: >High | P153: The Thresholds for Low/Med/High ratings in the
B154: =IF(B4<$C153,"Low",(IF(B4>$E153,"High","Med"))) -> High | C154: =IF(C4<$C153,"Low",(IF(C4>$E153,"High","Med"))) -> High | D154: =IF(D4<$C153,"Low",(IF(D4>$E153,"High","Med"))) -> Med | E154: =IF(E4<$C153,"Low",(IF(E4>$E153,"High","Med"))) -> Med | F154: =IF(F4<$C153,"Low",(IF(F4>$E153,"High","Med"))) -> Low | G154: =IF(G4<$C153,"Low",(IF(G4>$E153,"High","Med"))) -> Low | H154: =IF(H4<$C153,"Low",(IF(H4>$E153,"High","Med"))) -> Low | I154: =IF(I4<$C153,"Low",(IF(I4>$E153,"High","Med"))) -> Low | ... M154: =IF(M4<$C153,"Low",(IF(M4>$E153,"High","Med"))) -> Med | P154: 4 colour scales can be edited in Columns C & E
P155: on Rows 153, 173, 194 & 211
P156: These ratings populate the
P157: Red TAB rows 32:35
A172: Cold
A173: Editable Threshholds for COLD Colour Scale Indicators | B173: Low < | C173: 4 | D173: < Med < | E173: 2 | F173: <High
B174: =IF(B16<$E173,"High",(IF(B16>$C173,"Low","Med"))) -> Low | C174: =IF(C16<$E173,"High",(IF(C16>$C173,"Low","Med"))) -> Low | D174: =IF(D16<$E173,"High",(IF(D16>$C173,"Low","Med"))) -> Med | E174: =IF(E16<$E173,"High",(IF(E16>$C173,"Low","Med"))) -> High | F174: =IF(F16<$E173,"High",(IF(F16>$C173,"Low","Med"))) -> High | G174: =IF(G16<$E173,"High",(IF(G16>$C173,"Low","Med"))) -> High | H174: =IF(H16<$E173,"High",(IF(H16>$C173,"Low","Med"))) -> High | I174: =IF(I16<$E173,"High",(IF(I16>$C173,"Low","Med"))) -> High | ... M174: =IF(M16<$E173,"High",(IF(M16>$C173,"Low","Med"))) -> High
A191: Rainfall Percentages
B192: =+B29/$N$29 -> 0.062729585 | C192: =+C29/$N$29 -> 0.063577282 | D192: =+D29/$N$29 -> 0.061740605 | E192: =+E29/$N$29 -> 0.08830178 | F192: =+F29/$N$29 -> 0.097343882 | G192: =+G29/$N$29 -> 0.078977112 | H192: =+H29/$N$29 -> 0.087171517 | I192: =+I29/$N$29 -> 0.091975134 | ... M192: =+M29/$N$29 -> 0.085476123
B193: =IF(B29<$C194,"Low",(IF(B29>$E194,"High","Med"))) -> Low | C193: =IF(C29<$C194,"Low",(IF(C29>$E194,"High","Med"))) -> Low | D193: =IF(D29<$C194,"Low",(IF(D29>$E194,"High","Med"))) -> Low | E193: =IF(E29<$C194,"Low",(IF(E29>$E194,"High","Med"))) -> Med | F193: =IF(F29<$C194,"Low",(IF(F29>$E194,"High","Med"))) -> Med | G193: =IF(G29<$C194,"Low",(IF(G29>$E194,"High","Med"))) -> Med | H193: =IF(H29<$C194,"Low",(IF(H29>$E194,"High","Med"))) -> Med | I193: =IF(I29<$C194,"Low",(IF(I29>$E194,"High","Med"))) -> Med | ... M193: =IF(M29<$C194,"Low",(IF(M29>$E194,"High","Med"))) -> Med
A194: Editable Threshholds for RAIN Colour Scale Indicators | B194: Low > | C194: 50 | D194: > Med > | E194: 100 | F194: >High
A208: Wind
A209: =A62 -> Mean 3pm wind speed (km/h) | B209: =B62 -> 23.3 | C209: =C62 -> 22 | D209: =D62 -> 21.2 | E209: =E62 -> 19.5 | F209: =F62 -> 18.2 | G209: =G62 -> 18.9 | H209: =H62 -> 20.5 | ... M209: =M62 -> 23.1
B210: =IF(B209<$C211,"Low",(IF(B209>$E211,"High","Med"))) -> Med | C210: =IF(C209<$C211,"Low",(IF(C209>$E211,"High","Med"))) -> Med | D210: =IF(D209<$C211,"Low",(IF(D209>$E211,"High","Med"))) -> Med | E210: =IF(E209<$C211,"Low",(IF(E209>$E211,"High","Med"))) -> Low | F210: =IF(F209<$C211,"Low",(IF(F209>$E211,"High","Med"))) -> Low | G210: =IF(G209<$C211,"Low",(IF(G209>$E211,"High","Med"))) -> Low | H210: =IF(H209<$C211,"Low",(IF(H209>$E211,"High","Med"))) -> Med | I210: =IF(I209<$C211,"Low",(IF(I209>$E211,"High","Med"))) -> Med | ... M210: =IF(M209<$C211,"Low",(IF(M209>$E211,"High","Med"))) -> Med
A211: Editable Threshholds for WIND Colour Scale Indicators | B211: Low > | C211: 20 | D211: > Med > | E211: 36 | F211: >High
A213: Tower cranes not able to lift for Wind Gusts > 70kph
A214: Mobile cranes not able to lift for Wind Gusts > 36kph
A215: Wind loads are dependent on crane types,
A216: mobile cranes have a significantly lower permissible
A217: wind speed than tower cranes generally

Sheet Weather Calculation
A1: Forecast Delay Allowances | F1: Annual Totals | H1: Year | N1: 2017
H2: 42736 | I2: 42767 | J2: 42798 | K2: 42829 | L2: 42860 | M2: 42891 | N2: 42922 | O2: 42953 | P2: 42984 | Q2: 43015 | R2: 43046 | S2: 43077
F3: Ratio:Work/MonthDays | H3: ='Project Site Calendar'!I38 -> 0.48387097 | I3: ='Project Site Calendar'!J38 -> 0.78571429 | J3: ='Project Site Calendar'!K38 -> 0.74193548 | K3: ='Project Site Calendar'!L38 -> 0.63333333 | L3: ='Project Site Calendar'!M38 -> 0.80645161 | M3: ='Project Site Calendar'!N38 -> 0.7 | N3: ='Project Site Calendar'!O38 -> 0.80645161 | O3: ='Project Site Calendar'!P38 -> 0.77419355 | ... S3: ='Project Site Calendar'!T38 -> 0.38709677
V4: INSTRUCTIONS :
A5: Hot Weather (Average days over 37 degrees celcius) Lose | E5: 0.4 | F5: =SUM(H5:S5) -> 1.1246544 | H5: =Climate!B12*$E$5*H$3 -> 0.38709677 | I5: =Climate!C12*$E$5*I$3 -> 0.36142857 | J5: =Climate!D12*$E$5*J$3 -> 0.13354839 | K5: =Climate!E12*$E$5*K$3 -> 0 | L5: =Climate!F12*$E$5*L$3 -> 0 | M5: =Climate!G12*$E$5*M$3 -> 0 | N5: =Climate!H12*$E$5*N$3 -> 0 | O5: =Climate!I12*$E$5*O$3 -> 0 | ... S5: =Climate!M12*$E$5*S$3 -> 0.16258065
A6: Cold Weather (<2 degress C.) Lose | E6: 0.2 | F6: =SUM(H6:S6) -> 1.421828 | H6: =Climate!B20*'Weather Calculation'!$E$6*H$3 -> 0 | I6: =Climate!C20*'Weather Calculation'!$E$6*I$3 -> 0 | J6: =Climate!D20*'Weather Calculation'!$E$6*J$3 -> 0 | K6: =Climate!E20*'Weather Calculation'!$E$6*K$3 -> 0.025333333 | L6: =Climate!F20*'Weather Calculation'!$E$6*L$3 -> 0.11290323 | M6: =Climate!G20*'Weather Calculation'!$E$6*M$3 -> 0.364 | N6: =Climate!H20*'Weather Calculation'!$E$6*N$3 -> 0.53225806 | O6: =Climate!I20*'Weather Calculation'!$E$6*O$3 -> 0.26322581 | ... S6: =Climate!M20*'Weather Calculation'!$E$6*S$3 -> 0 | V6: Populate the loss factors for Hot Day and Cold Day delays per month in cells E5 & E6. These rows use data from the Climate TAB to calc how many days per month we lose for extreme Hot or Cold days. These numbers are factored for how many days per month we will be working.
A7: Manual Input : Wind (Assumption) | F7: =SUM(H7:S7) -> 2 | H7: 0.5 | Q7: 0.5 | R7: 0.5 | S7: 0.5
A8: Manual Input : Client / Authority Delays | F8: =SUM(H8:S8) -> 0
A9: Manual Input : Subcontractor Delays | F9: =SUM(H9:S9) -> 0
A10: Manual Input : Industrial (Assumption) | F10: =SUM(H10:S10) -> 2 | K10: 0 | M10: 0.5 | O10: 0.5 | Q10: 0.5 | S10: 0.5
A11: Manual Input : Plant Delays | F11: =SUM(H11:S11) -> 0 | V11: In cells H7 to S12 manually populate Wind + other potential delays based on Climate stats and other data. The Climate TAB has a graph showing Mean 9am and 3pm wind speeds (for reference). Note - These numbers are NOT factored below to account for WorkHours/Day or WorkDays/Month - so numbers entered here will carry forward to the Red TAB unchanged
A12: Manual Input : Other Delays | F12: =SUM(H12:S12) -> 0
A13: Monthly Total (Working Days lost per Calendar Month) | F13: =SUM(H13:S13) -> 6.5464823 | H13: =SUM(H5:H12)+H4 -> 0.88709677 | I13: =SUM(I5:I12)+I4 -> 0.36142857 | J13: =SUM(J5:J12)+J4 -> 0.13354839 | K13: =SUM(K5:K12)+K4 -> 0.025333333 | L13: =SUM(L5:L12)+L4 -> 0.11290323 | M13: =SUM(M5:M12)+M4 -> 0.864 | N13: =SUM(N5:N12)+N4 -> 0.53225806 | O13: =SUM(O5:O12)+O4 -> 0.76322581 | ... S13: =SUM(S5:S12)+S4 -> 1.1625806
A14: Percentage Work Days Lost | F14: =+F13/'Project Site Calendar'!U37 -> 0.02567248 | H14: =+H13/'Project Site Calendar'!I37 -> 0.059139785 | I14: =+I13/'Project Site Calendar'!J37 -> 0.016428571 | J14: =+J13/'Project Site Calendar'!K37 -> 0.0058064516 | K14: =+K13/'Project Site Calendar'!L37 -> 0.0013333333 | L14: =+L13/'Project Site Calendar'!M37 -> 0.004516129 | M14: =+M13/'Project Site Calendar'!N37 -> 0.041142857 | N14: =+N13/'Project Site Calendar'!O37 -> 0.021290323 | O14: =+O13/'Project Site Calendar'!P37 -> 0.031801075 | ... S14: =+S13/'Project Site Calendar'!T37 -> 0.09688172
A15: Cumulative Total (Working Days Lost) | H15: =G15+H13 -> 0.88709677 | I15: =H15+I13 -> 1.2485253 | J15: =I15+J13 -> 1.3820737 | K15: =J15+K13 -> 1.4074071 | L15: =K15+L13 -> 1.5203103 | M15: =L15+M13 -> 2.3843103 | N15: =M15+N13 -> 2.9165684 | O15: =N15+O13 -> 3.6797942 | ... S15: =R15+S13 -> 6.5464823
A16: Calculation Notes
H19: 1 | I19: =+H19+1 -> 2 | J19: =+I19+1 -> 3 | K19: =+J19+1 -> 4 | L19: =+K19+1 -> 5 | M19: =+L19+1 -> 6 | N19: =+M19+1 -> 7 | O19: =+N19+1 -> 8 | P19: =+O19+1 -> 9 | ... S19: =+R19+1 -> 12
G20: Rain | H20: =Climate!B193 -> Low | I20: =Climate!C193 -> Low | J20: =Climate!D193 -> Low | K20: =Climate!E193 -> Med | L20: =Climate!F193 -> Med | M20: =Climate!G193 -> Med | N20: =Climate!H193 -> Med | O20: =Climate!I193 -> Med | ... S20: =Climate!M193 -> Med
G21: Heat | H21: =Climate!B154 -> High | I21: =Climate!C154 -> High | J21: =Climate!D154 -> Med | K21: =Climate!E154 -> Med | L21: =Climate!F154 -> Low | M21: =Climate!G154 -> Low | N21: =Climate!H154 -> Low | O21: =Climate!I154 -> Low | ... S21: =Climate!M154 -> Med
G22: Cold / Frost | H22: =Climate!B174 -> Low | I22: =Climate!C174 -> Low | J22: =Climate!D174 -> Med | K22: =Climate!E174 -> High | L22: =Climate!F174 -> High | M22: =Climate!G174 -> High | N22: =Climate!H174 -> High | O22: =Climate!I174 -> High | ... S22: =Climate!M174 -> High
G23: Wind | H23: =Climate!B210 -> Med | I23: =Climate!C210 -> Med | J23: =Climate!D210 -> Med | K23: =Climate!E210 -> Low | L23: =Climate!F210 -> Low | M23: =Climate!G210 -> Low | N23: =Climate!H210 -> Med | O23: =Climate!I210 -> Med | ... S23: =Climate!M210 -> Med
A25: Working Days | F25: Totals | V25: Row 27 auto populates from the Orange TAB and is used as a lookup table in the Red TAB. These rows show number of working days each month. Row 3 shows the %age ratio of WorkDays/DaysperMonth
H26: 1 | I26: =+H26+1 -> 2 | J26: =+I26+1 -> 3 | K26: =+J26+1 -> 4 | L26: =+K26+1 -> 5 | M26: =+L26+1 -> 6 | N26: =+M26+1 -> 7 | O26: =+N26+1 -> 8 | P26: =+O26+1 -> 9 | ... S26: =+R26+1 -> 12
A27: Gross Work Days Per Month (ie Cal Days - Hols, RDOs, NWDs etc) | F27: =SUM(H27:S27) -> 255 | H27: =+'Project Site Calendar'!I37 -> 15 | I27: =+'Project Site Calendar'!J37 -> 22 | J27: =+'Project Site Calendar'!K37 -> 23 | K27: =+'Project Site Calendar'!L37 -> 19 | L27: =+'Project Site Calendar'!M37 -> 25 | M27: =+'Project Site Calendar'!N37 -> 21 | N27: =+'Project Site Calendar'!O37 -> 25 | O27: =+'Project Site Calendar'!P37 -> 24 | ... S27: =+'Project Site Calendar'!T37 -> 12
A28: Cumulative Gross Work Days per Calendar Year | H28: =H27 -> 15 | I28: =H28+I27 -> 37 | J28: =I28+J27 -> 60 | K28: =J28+K27 -> 79 | L28: =K28+L27 -> 104 | M28: =L28+M27 -> 125 | N28: =M28+N27 -> 150 | O28: =N28+O27 -> 174 | P28: =O28+P27 -> 197 | ... S28: =R28+S27 -> 255
A32: Rainfall | B32: Direct | C32: Consequential | D32: Total
A33: <1mm | B33: ='Rain+Other Factors'!C8 -> 0 | C33: ='Rain+Other Factors'!D8 -> 0 | D33: =SUM(B33:C33) -> 0 | F33: =SUM(H33:S33) -> 0 | H33: =+Climate!B35*$D33*HoursPerDayRatio*H$3 -> 0 | I33: =+Climate!C35*$D33*HoursPerDayRatio*I$3 -> 0 | J33: =+Climate!D35*$D33*HoursPerDayRatio*J$3 -> 0 | K33: =+Climate!E35*$D33*HoursPerDayRatio*K$3 -> 0 | L33: =+Climate!F35*$D33*HoursPerDayRatio*L$3 -> 0 | M33: =+Climate!G35*$D33*HoursPerDayRatio*M$3 -> 0 | N33: =+Climate!H35*$D33*HoursPerDayRatio*N$3 -> 0 | O33: =+Climate!I35*$D33*HoursPerDayRatio*O$3 -> 0 | ... S33: =+Climate!M35*$D33*HoursPerDayRatio*S$3 -> 0
A34: ≥ 1 mm & < 10 mm | B34: ='Rain+Other Factors'!C9 -> 0.5 | C34: ='Rain+Other Factors'!D9 -> 1 | D34: =SUM(B34:C34) -> 1.5 | F34: =SUM(H34:S34) -> 33.797791 | H34: =+Climate!B37*$D34*HoursPerDayRatio*H$3 -> 1.0887097 | I34: =+Climate!C37*$D34*HoursPerDayRatio*I$3 -> 1.3700893 | J34: =+Climate!D37*$D34*HoursPerDayRatio*J$3 -> 1.8362903 | K34: =+Climate!E37*$D34*HoursPerDayRatio*K$3 -> 2.244375 | L34: =+Climate!F37*$D34*HoursPerDayRatio*L$3 -> 3.9919355 | M34: =+Climate!G37*$D34*HoursPerDayRatio*M$3 -> 3.268125 | N34: =+Climate!H37*$D34*HoursPerDayRatio*N$3 -> 4.5362903 | O34: =+Climate!I37*$D34*HoursPerDayRatio*O$3 -> 4.5290323 | ... S34: =+Climate!M37*$D34*HoursPerDayRatio*S$3 -> 1.1540323
A35: ≥ 10 mm & < 25 mm | B35: ='Rain+Other Factors'!C10 -> 1 | C35: ='Rain+Other Factors'!D10 -> 1 | D35: =SUM(B35:C35) -> 2 | F35: =SUM(H35:S35) -> 9.1095507 | H35: =+Climate!B39*$D35*HoursPerDayRatio*H$3 -> 0.39919355 | I35: =+Climate!C39*$D35*HoursPerDayRatio*I$3 -> 0.53035714 | J35: =+Climate!D39*$D35*HoursPerDayRatio*J$3 -> 0.66774194 | K35: =+Climate!E39*$D35*HoursPerDayRatio*K$3 -> 0.6175 | L35: =+Climate!F39*$D35*HoursPerDayRatio*L$3 -> 1.0887097 | M35: =+Climate!G39*$D35*HoursPerDayRatio*M$3 -> 0.735 | N35: =+Climate!H39*$D35*HoursPerDayRatio*N$3 -> 0.72580645 | O35: =+Climate!I39*$D35*HoursPerDayRatio*O$3 -> 0.92903226 | ... S35: =+Climate!M39*$D35*HoursPerDayRatio*S$3 -> 0.40645161
A36: ≥ 25 mm | B36: ='Rain+Other Factors'!C11 -> 1 | C36: ='Rain+Other Factors'!D11 -> 2 | D36: =SUM(B36:C36) -> 3 | F36: =SUM(H36:S36) -> 6.8147005 | H36: =+Climate!B40*$D36*H$3 -> 0.43548387 | I36: =+Climate!C40*$D36*I$3 -> 1.1785714 | J36: =+Climate!D40*$D36*J$3 -> 0.44516129 | K36: =+Climate!E40*$D36*K$3 -> 0.95 | L36: =+Climate!F40*$D36*L$3 -> 0.48387097 | M36: =+Climate!G40*$D36*M$3 -> 0.21 | N36: =+Climate!H40*$D36*N$3 -> 0.48387097 | O36: =+Climate!I40*$D36*O$3 -> 0.23225806 | ... S36: =+Climate!M40*$D36*S$3 -> 0.58064516
A37: RAIN EXPOSURE 1 : Bulk + Inground Works | F37: =SUM(H37:S37) -> 49.722042 | H37: =SUM(H33:H36) -> 1.9233871 | I37: =SUM(I33:I36) -> 3.0790179 | J37: =SUM(J33:J36) -> 2.9491935 | K37: =SUM(K33:K36) -> 3.811875 | L37: =SUM(L33:L36) -> 5.5645161 | M37: =SUM(M33:M36) -> 4.213125 | N37: =SUM(N33:N36) -> 5.7459677 | O37: =SUM(O33:O36) -> 5.6903226 | ... S37: =SUM(S33:S36) -> 2.141129 | V37: Rows 31 to 65 calculate the monthly impact of each Rain Exposure factor
A39: Rainfall | B39: Direct | C39: Consequential | D39: Total
A40: <1mm | B40: ='Rain+Other Factors'!G8 -> 0 | C40: ='Rain+Other Factors'!H8 -> 0 | D40: =SUM(B40:C40) -> 0 | F40: =SUM(H40:S40) -> 0 | H40: =+Climate!B35*$D40*HoursPerDayRatio*H$3 -> 0 | I40: =+Climate!C35*$D40*HoursPerDayRatio*I$3 -> 0 | J40: =+Climate!D35*$D40*HoursPerDayRatio*J$3 -> 0 | K40: =+Climate!E35*$D40*HoursPerDayRatio*K$3 -> 0 | L40: =+Climate!F35*$D40*HoursPerDayRatio*L$3 -> 0 | M40: =+Climate!G35*$D40*HoursPerDayRatio*M$3 -> 0 | N40: =+Climate!H35*$D40*HoursPerDayRatio*N$3 -> 0 | O40: =+Climate!I35*$D40*HoursPerDayRatio*O$3 -> 0 | ... S40: =+Climate!M35*$D40*HoursPerDayRatio*S$3 -> 0
A41: ≥ 1 mm & < 10 mm | B41: ='Rain+Other Factors'!G9 -> 0.5 | C41: ='Rain+Other Factors'!H9 -> 0 | D41: =SUM(B41:C41) -> 0.5 | F41: =SUM(H41:S41) -> 11.26593 | H41: =+Climate!B37*$D41*HoursPerDayRatio*H$3 -> 0.36290323 | I41: =+Climate!C37*$D41*HoursPerDayRatio*I$3 -> 0.45669643 | J41: =+Climate!D37*$D41*HoursPerDayRatio*J$3 -> 0.61209677 | K41: =+Climate!E37*$D41*HoursPerDayRatio*K$3 -> 0.748125 | L41: =+Climate!F37*$D41*HoursPerDayRatio*L$3 -> 1.3306452 | M41: =+Climate!G37*$D41*HoursPerDayRatio*M$3 -> 1.089375 | N41: =+Climate!H37*$D41*HoursPerDayRatio*N$3 -> 1.5120968 | O41: =+Climate!I37*$D41*HoursPerDayRatio*O$3 -> 1.5096774 | ... S41: =+Climate!M37*$D41*HoursPerDayRatio*S$3 -> 0.38467742
A42: ≥ 10 mm & < 25 mm | B42: ='Rain+Other Factors'!G10 -> 1 | C42: ='Rain+Other Factors'!H10 -> 0.3 | D42: =SUM(B42:C42) -> 1.3 | F42: =SUM(H42:S42) -> 5.9212079 | H42: =+Climate!B39*$D42*HoursPerDayRatio*H$3 -> 0.25947581 | I42: =+Climate!C39*$D42*HoursPerDayRatio*I$3 -> 0.34473214 | J42: =+Climate!D39*$D42*HoursPerDayRatio*J$3 -> 0.43403226 | K42: =+Climate!E39*$D42*HoursPerDayRatio*K$3 -> 0.401375 | L42: =+Climate!F39*$D42*HoursPerDayRatio*L$3 -> 0.70766129 | M42: =+Climate!G39*$D42*HoursPerDayRatio*M$3 -> 0.47775 | N42: =+Climate!H39*$D42*HoursPerDayRatio*N$3 -> 0.47177419 | O42: =+Climate!I39*$D42*HoursPerDayRatio*O$3 -> 0.60387097 | ... S42: =+Climate!M39*$D42*HoursPerDayRatio*S$3 -> 0.26419355
A43: ≥ 25 mm | B43: ='Rain+Other Factors'!G11 -> 1 | C43: ='Rain+Other Factors'!H11 -> 0.5 | D43: =SUM(B43:C43) -> 1.5 | F43: =SUM(H43:S43) -> 3.4073502 | H43: =+Climate!B40*$D43*H$3 -> 0.21774194 | I43: =+Climate!C40*$D43*I$3 -> 0.58928571 | J43: =+Climate!D40*$D43*J$3 -> 0.22258065 | K43: =+Climate!E40*$D43*K$3 -> 0.475 | L43: =+Climate!F40*$D43*L$3 -> 0.24193548 | M43: =+Climate!G40*$D43*M$3 -> 0.105 | N43: =+Climate!H40*$D43*N$3 -> 0.24193548 | O43: =+Climate!I40*$D43*O$3 -> 0.11612903 | ... S43: =+Climate!M40*$D43*S$3 -> 0.29032258
A44: RAIN EXPOSURE 2 : Foundations . | F44: =SUM(H44:S44) -> 20.594488 | H44: =SUM(H40:H43) -> 0.84012097 | I44: =SUM(I40:I43) -> 1.3907143 | J44: =SUM(J40:J43) -> 1.2687097 | K44: =SUM(K40:K43) -> 1.6245 | L44: =SUM(L40:L43) -> 2.2802419 | M44: =SUM(M40:M43) -> 1.672125 | N44: =SUM(N40:N43) -> 2.2258065 | O44: =SUM(O40:O43) -> 2.2296774 | ... S44: =SUM(S40:S43) -> 0.93919355 | V44: These numbers are factored for both WorkHours/Day and WorkDays/Month
A46: Rainfall | B46: Direct | C46: Consequential | D46: Total
A47: <1mm | B47: ='Rain+Other Factors'!K8 -> 0 | C47: ='Rain+Other Factors'!L8 -> 0 | D47: =SUM(B47:C47) -> 0 | F47: =SUM(H47:S47) -> 0 | H47: =+Climate!B35*$D47*HoursPerDayRatio*H$3 -> 0 | I47: =+Climate!C35*$D47*HoursPerDayRatio*I$3 -> 0 | J47: =+Climate!D35*$D47*HoursPerDayRatio*J$3 -> 0 | K47: =+Climate!E35*$D47*HoursPerDayRatio*K$3 -> 0 | L47: =+Climate!F35*$D47*HoursPerDayRatio*L$3 -> 0 | M47: =+Climate!G35*$D47*HoursPerDayRatio*M$3 -> 0 | N47: =+Climate!H35*$D47*HoursPerDayRatio*N$3 -> 0 | O47: =+Climate!I35*$D47*HoursPerDayRatio*O$3 -> 0 | ... S47: =+Climate!M35*$D47*HoursPerDayRatio*S$3 -> 0
A48: ≥ 1 mm & < 10 mm | B48: ='Rain+Other Factors'!K9 -> 0.5 | C48: ='Rain+Other Factors'!L9 -> 0 | D48: =SUM(B48:C48) -> 0.5 | F48: =SUM(H48:S48) -> 11.26593 | H48: =+Climate!B37*$D48*HoursPerDayRatio*H$3 -> 0.36290323 | I48: =+Climate!C37*$D48*HoursPerDayRatio*I$3 -> 0.45669643 | J48: =+Climate!D37*$D48*HoursPerDayRatio*J$3 -> 0.61209677 | K48: =+Climate!E37*$D48*HoursPerDayRatio*K$3 -> 0.748125 | L48: =+Climate!F37*$D48*HoursPerDayRatio*L$3 -> 1.3306452 | M48: =+Climate!G37*$D48*HoursPerDayRatio*M$3 -> 1.089375 | N48: =+Climate!H37*$D48*HoursPerDayRatio*N$3 -> 1.5120968 | O48: =+Climate!I37*$D48*HoursPerDayRatio*O$3 -> 1.5096774 | ... S48: =+Climate!M37*$D48*HoursPerDayRatio*S$3 -> 0.38467742
A49: ≥ 10 mm & < 25 mm | B49: ='Rain+Other Factors'!K10 -> 1 | C49: ='Rain+Other Factors'!L10 -> 0.25 | D49: =SUM(B49:C49) -> 1.25 | F49: =SUM(H49:S49) -> 5.6934692 | H49: =+Climate!B39*$D49*HoursPerDayRatio*H$3 -> 0.24949597 | I49: =+Climate!C39*$D49*HoursPerDayRatio*I$3 -> 0.33147321 | J49: =+Climate!D39*$D49*HoursPerDayRatio*J$3 -> 0.41733871 | K49: =+Climate!E39*$D49*HoursPerDayRatio*K$3 -> 0.3859375 | L49: =+Climate!F39*$D49*HoursPerDayRatio*L$3 -> 0.68044355 | M49: =+Climate!G39*$D49*HoursPerDayRatio*M$3 -> 0.459375 | N49: =+Climate!H39*$D49*HoursPerDayRatio*N$3 -> 0.45362903 | O49: =+Climate!I39*$D49*HoursPerDayRatio*O$3 -> 0.58064516 | ... S49: =+Climate!M39*$D49*HoursPerDayRatio*S$3 -> 0.25403226
A50: ≥ 25 mm | B50: ='Rain+Other Factors'!K11 -> 1 | C50: ='Rain+Other Factors'!L11 -> 0.5 | D50: =SUM(B50:C50) -> 1.5 | F50: =SUM(H50:S50) -> 3.4073502 | H50: =+Climate!B40*$D50*H$3 -> 0.21774194 | I50: =+Climate!C40*$D50*I$3 -> 0.58928571 | J50: =+Climate!D40*$D50*J$3 -> 0.22258065 | K50: =+Climate!E40*$D50*K$3 -> 0.475 | L50: =+Climate!F40*$D50*L$3 -> 0.24193548 | M50: =+Climate!G40*$D50*M$3 -> 0.105 | N50: =+Climate!H40*$D50*N$3 -> 0.24193548 | O50: =+Climate!I40*$D50*O$3 -> 0.11612903 | ... S50: =+Climate!M40*$D50*S$3 -> 0.29032258
A51: RAIN EXPOSURE 3 : Structure & Envelope . | F51: =SUM(H51:S51) -> 20.36675 | H51: =SUM(H47:H50) -> 0.83014113 | I51: =SUM(I47:I50) -> 1.3774554 | J51: =SUM(J47:J50) -> 1.2520161 | K51: =SUM(K47:K50) -> 1.6090625 | L51: =SUM(L47:L50) -> 2.2530242 | M51: =SUM(M47:M50) -> 1.65375 | N51: =SUM(N47:N50) -> 2.2076613 | O51: =SUM(O47:O50) -> 2.2064516 | ... S51: =SUM(S47:S50) -> 0.92903226 | V51: and reflect potential work day losses each month.
A53: Rainfall | B53: Direct | C53: Consequential | D53: Total
A54: <1mm | B54: ='Rain+Other Factors'!O8 -> 0 | C54: ='Rain+Other Factors'!P8 -> 0 | D54: =SUM(B54:C54) -> 0 | F54: =SUM(H54:S54) -> 0 | H54: =+Climate!B35*$D54*HoursPerDayRatio*H$3 -> 0 | I54: =+Climate!C35*$D54*HoursPerDayRatio*I$3 -> 0 | J54: =+Climate!D35*$D54*HoursPerDayRatio*J$3 -> 0 | K54: =+Climate!E35*$D54*HoursPerDayRatio*K$3 -> 0 | L54: =+Climate!F35*$D54*HoursPerDayRatio*L$3 -> 0 | M54: =+Climate!G35*$D54*HoursPerDayRatio*M$3 -> 0 | N54: =+Climate!H35*$D54*HoursPerDayRatio*N$3 -> 0 | O54: =+Climate!I35*$D54*HoursPerDayRatio*O$3 -> 0 | ... S54: =+Climate!M35*$D54*HoursPerDayRatio*S$3 -> 0
A55: ≥ 1 mm & < 10 mm | B55: ='Rain+Other Factors'!O9 -> 0 | C55: ='Rain+Other Factors'!P9 -> 0 | D55: =SUM(B55:C55) -> 0 | F55: =SUM(H55:S55) -> 0 | H55: =+Climate!B37*$D55*HoursPerDayRatio*H$3 -> 0 | I55: =+Climate!C37*$D55*HoursPerDayRatio*I$3 -> 0 | J55: =+Climate!D37*$D55*HoursPerDayRatio*J$3 -> 0 | K55: =+Climate!E37*$D55*HoursPerDayRatio*K$3 -> 0 | L55: =+Climate!F37*$D55*HoursPerDayRatio*L$3 -> 0 | M55: =+Climate!G37*$D55*HoursPerDayRatio*M$3 -> 0 | N55: =+Climate!H37*$D55*HoursPerDayRatio*N$3 -> 0 | O55: =+Climate!I37*$D55*HoursPerDayRatio*O$3 -> 0 | ... S55: =+Climate!M37*$D55*HoursPerDayRatio*S$3 -> 0
A56: ≥ 10 mm & < 25 mm | B56: ='Rain+Other Factors'!O10 -> 0.5 | C56: ='Rain+Other Factors'!P10 -> 0 | D56: =SUM(B56:C56) -> 0.5 | F56: =SUM(H56:S56) -> 2.2773877 | H56: =+Climate!B39*$D56*HoursPerDayRatio*H$3 -> 0.099798387 | I56: =+Climate!C39*$D56*HoursPerDayRatio*I$3 -> 0.13258929 | J56: =+Climate!D39*$D56*HoursPerDayRatio*J$3 -> 0.16693548 | K56: =+Climate!E39*$D56*HoursPerDayRatio*K$3 -> 0.154375 | L56: =+Climate!F39*$D56*HoursPerDayRatio*L$3 -> 0.27217742 | M56: =+Climate!G39*$D56*HoursPerDayRatio*M$3 -> 0.18375 | N56: =+Climate!H39*$D56*HoursPerDayRatio*N$3 -> 0.18145161 | O56: =+Climate!I39*$D56*HoursPerDayRatio*O$3 -> 0.23225806 | ... S56: =+Climate!M39*$D56*HoursPerDayRatio*S$3 -> 0.1016129
A57: ≥ 25 mm | B57: ='Rain+Other Factors'!O11 -> 0.5 | C57: ='Rain+Other Factors'!P11 -> 0 | D57: =SUM(B57:C57) -> 0.5 | F57: =SUM(H57:S57) -> 1.1357834 | H57: =+Climate!B40*$D57*H$3 -> 0.072580645 | I57: =+Climate!C40*$D57*I$3 -> 0.19642857 | J57: =+Climate!D40*$D57*J$3 -> 0.074193548 | K57: =+Climate!E40*$D57*K$3 -> 0.15833333 | L57: =+Climate!F40*$D57*L$3 -> 0.080645161 | M57: =+Climate!G40*$D57*M$3 -> 0.035 | N57: =+Climate!H40*$D57*N$3 -> 0.080645161 | O57: =+Climate!I40*$D57*O$3 -> 0.038709677 | ... S57: =+Climate!M40*$D57*S$3 -> 0.096774194
A58: RAIN EXPOSURE 4 : Fitout & Finishes . | F58: =SUM(H58:S58) -> 3.4131711 | H58: =SUM(H54:H57) -> 0.17237903 | I58: =SUM(I54:I57) -> 0.32901786 | J58: =SUM(J54:J57) -> 0.24112903 | K58: =SUM(K54:K57) -> 0.31270833 | L58: =SUM(L54:L57) -> 0.35282258 | M58: =SUM(M54:M57) -> 0.21875 | N58: =SUM(N54:N57) -> 0.26209677 | O58: =SUM(O54:O57) -> 0.27096774 | ... S58: =SUM(S54:S57) -> 0.1983871 | V58: These numbers copy down to Rows 68 to 73
A60: Rainfall | B60: Direct | C60: Consequential | D60: Total
A61: <1mm | B61: ='Rain+Other Factors'!S8 -> 0 | C61: ='Rain+Other Factors'!T8 -> 0 | D61: ='Rain+Other Factors'!U8 -> 0 | F61: =SUM(H61:S61) -> 0 | H61: =+Climate!B35*$D61*HoursPerDayRatio*H$3 -> 0 | I61: =+Climate!C35*$D61*HoursPerDayRatio*I$3 -> 0 | J61: =+Climate!D35*$D61*HoursPerDayRatio*J$3 -> 0 | K61: =+Climate!E35*$D61*HoursPerDayRatio*K$3 -> 0 | L61: =+Climate!F35*$D61*HoursPerDayRatio*L$3 -> 0 | M61: =+Climate!G35*$D61*HoursPerDayRatio*M$3 -> 0 | N61: =+Climate!H35*$D61*HoursPerDayRatio*N$3 -> 0 | O61: =+Climate!I35*$D61*HoursPerDayRatio*O$3 -> 0 | ... S61: =+Climate!M35*$D61*HoursPerDayRatio*S$3 -> 0
A62: ≥ 1 mm & < 10 mm | B62: ='Rain+Other Factors'!S9 -> 0 | C62: ='Rain+Other Factors'!T9 -> 0 | D62: ='Rain+Other Factors'!U9 -> 0 | F62: =SUM(H62:S62) -> 0 | H62: =+Climate!B37*$D62*HoursPerDayRatio*H$3 -> 0 | I62: =+Climate!C37*$D62*HoursPerDayRatio*I$3 -> 0 | J62: =+Climate!D37*$D62*HoursPerDayRatio*J$3 -> 0 | K62: =+Climate!E37*$D62*HoursPerDayRatio*K$3 -> 0 | L62: =+Climate!F37*$D62*HoursPerDayRatio*L$3 -> 0 | M62: =+Climate!G37*$D62*HoursPerDayRatio*M$3 -> 0 | N62: =+Climate!H37*$D62*HoursPerDayRatio*N$3 -> 0 | O62: =+Climate!I37*$D62*HoursPerDayRatio*O$3 -> 0 | ... S62: =+Climate!M37*$D62*HoursPerDayRatio*S$3 -> 0
A63: ≥ 10 mm & < 25 mm | B63: ='Rain+Other Factors'!S10 -> 0.25 | C63: ='Rain+Other Factors'!T10 -> 0 | D63: ='Rain+Other Factors'!U10 -> 0.25 | F63: =SUM(H63:S63) -> 1.1386938 | H63: =+Climate!B39*$D63*HoursPerDayRatio*H$3 -> 0.049899194 | I63: =+Climate!C39*$D63*HoursPerDayRatio*I$3 -> 0.066294643 | J63: =+Climate!D39*$D63*HoursPerDayRatio*J$3 -> 0.083467742 | K63: =+Climate!E39*$D63*HoursPerDayRatio*K$3 -> 0.0771875 | L63: =+Climate!F39*$D63*HoursPerDayRatio*L$3 -> 0.13608871 | M63: =+Climate!G39*$D63*HoursPerDayRatio*M$3 -> 0.091875 | N63: =+Climate!H39*$D63*HoursPerDayRatio*N$3 -> 0.090725806 | O63: =+Climate!I39*$D63*HoursPerDayRatio*O$3 -> 0.11612903 | ... S63: =+Climate!M39*$D63*HoursPerDayRatio*S$3 -> 0.050806452
A64: ≥ 25 mm | B64: ='Rain+Other Factors'!S11 -> 0.75 | C64: ='Rain+Other Factors'!T11 -> 0 | D64: ='Rain+Other Factors'!U11 -> 0.75 | F64: =SUM(H64:S64) -> 1.7036751 | H64: =+Climate!B40*$D64*H$3 -> 0.10887097 | I64: =+Climate!C40*$D64*I$3 -> 0.29464286 | J64: =+Climate!D40*$D64*J$3 -> 0.11129032 | K64: =+Climate!E40*$D64*K$3 -> 0.2375 | L64: =+Climate!F40*$D64*L$3 -> 0.12096774 | M64: =+Climate!G40*$D64*M$3 -> 0.0525 | N64: =+Climate!H40*$D64*N$3 -> 0.12096774 | O64: =+Climate!I40*$D64*O$3 -> 0.058064516 | ... S64: =+Climate!M40*$D64*S$3 -> 0.14516129
A65: RAIN EXPOSURE 5 : Custom Rain Impacts . | F65: =SUM(H65:S65) -> 2.842369 | H65: =SUM(H61:H64) -> 0.15877016 | I65: =SUM(I61:I64) -> 0.3609375 | J65: =SUM(J61:J64) -> 0.19475806 | K65: =SUM(K61:K64) -> 0.3146875 | L65: =SUM(L61:L64) -> 0.25705645 | M65: =SUM(M61:M64) -> 0.144375 | N65: =SUM(N61:N64) -> 0.21169355 | O65: =SUM(O61:O64) -> 0.17419355 | ... S65: =SUM(S61:S64) -> 0.19596774
E67: Weather Analysis Impact Table
D68: Annual | F68: Rain Exposure | H68: 1 | I68: =+H68+1 -> 2 | J68: =+I68+1 -> 3 | K68: =+J68+1 -> 4 | L68: =+K68+1 -> 5 | M68: =+L68+1 -> 6 | N68: =+M68+1 -> 7 | O68: =+N68+1 -> 8 | P68: =+O68+1 -> 9 | ... S68: =+R68+1 -> 12 | V68: Rows 68 to 81 are used as a lookup table in the Red TAB
D69: =SUM(H69:S69) -> 49.722042 | E69: =D69/'Project Site Calendar'!$U$37 -> 0.1949884 | F69: 1 | H69: =+H37 -> 1.9233871 | I69: =+I37 -> 3.0790179 | J69: =+J37 -> 2.9491935 | K69: =+K37 -> 3.811875 | L69: =+L37 -> 5.5645161 | M69: =+M37 -> 4.213125 | N69: =+N37 -> 5.7459677 | O69: =+O37 -> 5.6903226 | ... S69: =+S37 -> 2.141129
D70: =SUM(H70:S70) -> 20.594488 | E70: =D70/'Project Site Calendar'!$U$37 -> 0.0807627 | F70: 2 | H70: =+H44 -> 0.84012097 | I70: =+I44 -> 1.3907143 | J70: =+J44 -> 1.2687097 | K70: =+K44 -> 1.6245 | L70: =+L44 -> 2.2802419 | M70: =+M44 -> 1.672125 | N70: =+N44 -> 2.2258065 | O70: =+O44 -> 2.2296774 | ... S70: =+S44 -> 0.93919355
D71: =SUM(H71:S71) -> 20.36675 | E71: =D71/'Project Site Calendar'!$U$37 -> 0.079869607 | F71: 3 | H71: =+H51 -> 0.83014113 | I71: =+I51 -> 1.3774554 | J71: =+J51 -> 1.2520161 | K71: =+K51 -> 1.6090625 | L71: =+L51 -> 2.2530242 | M71: =+M51 -> 1.65375 | N71: =+N51 -> 2.2076613 | O71: =+O51 -> 2.2064516 | ... S71: =+S51 -> 0.92903226
D72: =SUM(H72:S72) -> 3.4131711 | E72: =D72/'Project Site Calendar'!$U$37 -> 0.013384985 | F72: 4 | H72: =+H58 -> 0.17237903 | I72: =+I58 -> 0.32901786 | J72: =+J58 -> 0.24112903 | K72: =+K58 -> 0.31270833 | L72: =+L58 -> 0.35282258 | M72: =+M58 -> 0.21875 | N72: =+N58 -> 0.26209677 | O72: =+O58 -> 0.27096774 | ... S72: =+S58 -> 0.1983871
D73: =SUM(H73:S73) -> 2.842369 | E73: =D73/'Project Site Calendar'!$U$37 -> 0.011146545 | F73: 5 | H73: =H65 -> 0.15877016 | I73: =I65 -> 0.3609375 | J73: =J65 -> 0.19475806 | K73: =K65 -> 0.3146875 | L73: =L65 -> 0.25705645 | M73: =M65 -> 0.144375 | N73: =N65 -> 0.21169355 | O73: =O65 -> 0.17419355 | ... S73: =S65 -> 0.19596774
D74: =SUM(H74:S74) -> 1.1246544 | E74: =D74/'Project Site Calendar'!$U$37 -> 0.0044104093 | F74: Heat | H74: =H5 -> 0.38709677 | I74: =I5 -> 0.36142857 | J74: =J5 -> 0.13354839 | K74: =K5 -> 0 | L74: =L5 -> 0 | M74: =M5 -> 0 | N74: =N5 -> 0 | O74: =O5 -> 0 | ... S74: =S5 -> 0.16258065
D75: =SUM(H75:S75) -> 1.421828 | E75: =D75/'Project Site Calendar'!$U$37 -> 0.0055757959 | F75: Cold | H75: =H6 -> 0 | I75: =I6 -> 0 | J75: =J6 -> 0 | K75: =K6 -> 0.025333333 | L75: =L6 -> 0.11290323 | M75: =M6 -> 0.364 | N75: =N6 -> 0.53225806 | O75: =O6 -> 0.26322581 | ... S75: =S6 -> 0
D76: =SUM(H76:S76) -> 2 | E76: =D76/'Project Site Calendar'!$U$37 -> 0.0078431373 | F76: Wind | H76: =H7 -> 0.5 | I76: =I7 -> 0 | J76: =J7 -> 0 | K76: =K7 -> 0 | L76: =L7 -> 0 | M76: =M7 -> 0 | N76: =N7 -> 0 | O76: =O7 -> 0 | ... S76: =S7 -> 0.5
D77: =SUM(H77:S77) -> 0 | E77: =D77/'Project Site Calendar'!$U$37 -> 0 | F77: Client | H77: =H8 -> 0 | I77: =I8 -> 0 | J77: =J8 -> 0 | K77: =K8 -> 0 | L77: =L8 -> 0 | M77: =M8 -> 0 | N77: =N8 -> 0 | O77: =O8 -> 0 | ... S77: =S8 -> 0
D78: =SUM(H78:S78) -> 0 | E78: =D78/'Project Site Calendar'!$U$37 -> 0 | F78: Subbie | H78: =H9 -> 0 | I78: =I9 -> 0 | J78: =J9 -> 0 | K78: =K9 -> 0 | L78: =L9 -> 0 | M78: =M9 -> 0 | N78: =N9 -> 0 | O78: =O9 -> 0 | ... S78: =S9 -> 0
D79: =SUM(H79:S79) -> 2 | E79: =D79/'Project Site Calendar'!$U$37 -> 0.0078431373 | F79: IR | H79: =H10 -> 0 | I79: =I10 -> 0 | J79: =J10 -> 0 | K79: =K10 -> 0 | L79: =L10 -> 0 | M79: =M10 -> 0.5 | N79: =N10 -> 0 | O79: =O10 -> 0.5 | ... S79: =S10 -> 0.5
D80: =SUM(H80:S80) -> 0 | E80: =D80/'Project Site Calendar'!$U$37 -> 0 | F80: Plant | H80: =H11 -> 0 | I80: =I11 -> 0 | J80: =J11 -> 0 | K80: =K11 -> 0 | L80: =L11 -> 0 | M80: =M11 -> 0 | N80: =N11 -> 0 | O80: =O11 -> 0 | ... S80: =S11 -> 0
D81: =SUM(H81:S81) -> 0 | E81: =D81/'Project Site Calendar'!$U$37 -> 0 | F81: Other | H81: =H12 -> 0 | I81: =I12 -> 0 | J81: =J12 -> 0 | K81: =K12 -> 0 | L81: =L12 -> 0 | M81: =M12 -> 0 | N81: =N12 -> 0 | O81: =O12 -> 0 | ... S81: =S12 -> 0

Sheet Critical Site Works Summary
A2: PROJECT TITLE | DB2: For Projects >32 month duration click the + sign above and adjust Print settings to view the relevant number of columns. You may also have to move the JH logo, and drag the blue arrow out to the project finish
A3: OVERALL NET TENDER PROGRAMME: DELAY ANALYSIS
A4: Printed : | B4: =TODAY() -> 46312 | D4: OVERALL NET PROGRAMME - 6d Working Week, Inclusive of Fixed RDO's, Public Holidays & Xmas / Easter Shut Downs
A5: Planner : | B5: Henry Gannt | D5: ONSITE MONTH NUMBER | H5: 0 | I5: =+H5+1 -> 1 | J5: =+I5+1 -> 2 | K5: =+J5+1 -> 3 | L5: =+K5+1 -> 4 | M5: =+L5+1 -> 5 | N5: =+M5+1 -> 6 | O5: =+N5+1 -> 7 | P5: =+O5+1 -> 8 | ... CZ5: =+CY5+1 -> 96
A7: =CONCATENATE("Commence Works on Site - ",TEXT(D11,"dd-mmm-yy")) -> Commence Works on Site - 03-Sep-18 | D7: =CONCATENATE(A29," = ",C29) -> Working Days = 905 | F7: =MAX(E12:E28) -> 44641
A8: Activity (with Critical Path in RED) | C8: W.D | D8: Net Start | E8: Net Finish | CZ8: .
F9: Gross %age Weather Impact | G9: Net %age Weather Impact | H9: =I9-15 -> 43343 | I9: =IF(AND(DAY(D11)>=1,DAY(D11)<31),DATE(YEAR(D11),MONTH(D11),15),DATE(YEAR(D11),MONTH(D11)+1,15)) -> 43358 | J9: =DATE(YEAR(I9),MONTH(I9)+1,15) -> 43388 | K9: =DATE(YEAR(J9),MONTH(J9)+1,15) -> 43419 | L9: =DATE(YEAR(K9),MONTH(K9)+1,15) -> 43449 | M9: =DATE(YEAR(L9),MONTH(L9)+1,15) -> 43480 | N9: =DATE(YEAR(M9),MONTH(M9)+1,15) -> 43511 | O9: =DATE(YEAR(N9),MONTH(N9)+1,15) -> 43539 | P9: =DATE(YEAR(O9),MONTH(O9)+1,15) -> 43570 | Q9: =DATE(YEAR(P9),MONTH(P9)+1,15) -> 43600 | ... CZ9: =DATE(YEAR(CY9),MONTH(CY9)+1,15) -> 46249 | DB9: HoursPerDay:Ratio | DD9: WorkDaysperYear
A10: Assumed Date of CONTRACT AWARD | D10: 43245 | DB10: Work Hours : | DC10: =HoursPerDayRatio -> 0.375 | DD10: WorkDays | DE10: ='Project Site Calendar'!U38 -> 0.69863014
A11: Assumed START ON SITE DATE | D11: 43346 | E11: Rain Exposure Rating > | I11: 3 | J11: 3 | K11: 1 | L11: 1 | M11: 1 | N11: 1 | O11: 1 | P11: 1 | Q11: 1 | R11: 2 | S11: 2 | T11: 2 | U11: 3 | V11: 3 | W11: 3 | X11: 3 | Y11: 3 | Z11: 3 | AA11: 3 | AB11: 3 | AC11: 3 | AD11: 3 | AE11: 4 | AF11: 4 | AG11: 4 | AH11: 4 | AI11: 4 | AJ11: 4 | AK11: 4 | AL11: 4 | AM11: 4 | AN11: 4 | AO11: 4 | AP11: 4 | AQ11: 4 | AR11: 4 | AS11: 4 | DB11: Total Hours | DD11: TotalDays
A12: Site Establishment | C12: =(E12-D12+1)*DaysPerYearRatio -> 41.219178 | D12: =+D11 -> 43346 | E12: =+D12+52+6 -> 43404 | F12: =SUM(I12:CZ12)/C12 -> 0.13336663 | G12: =SUM(I12:CZ12)/(C12-SUM(I12:CZ12)) -> 0.15389048 | I12: =IF(OR(AND(I$9>=$D12,I$9<=$E12),I$9=$D12+1-DAY($D12)),I$51,"") -> 2.1845208 | J12: =IF(OR(AND(J$9>=$D12,J$9<=$E12),J$9=$D12+1-DAY($D12)),J$51,"") -> 3.3127419 | K12: =IF(OR(AND(K$9>=$D12,K$9<=$E12),K$9=$D12+1-DAY($D12)),K$51,"") | L12: =IF(OR(AND(L$9>=$D12,L$9<=$E12),L$9=$D12+1-DAY($D12)),L$51,"") | M12: =IF(OR(AND(M$9>=$D12,M$9<=$E12),M$9=$D12+1-DAY($D12)),M$51,"") | N12: =IF(OR(AND(N$9>=$D12,N$9<=$E12),N$9=$D12+1-DAY($D12)),N$51,"") | O12: =IF(OR(AND(O$9>=$D12,O$9<=$E12),O$9=$D12+1-DAY($D12)),O$51,"") | P12: =IF(OR(AND(P$9>=$D12,P$9<=$E12),P$9=$D12+1-DAY($D12)),P$51,"") | ... CZ12: =IF(OR(AND(CZ$9>=$D12,CZ$9<=$E12),CZ$9=$D12+1-DAY($D12)),CZ$51,"") | DB12: These ratios are used to multiply the Climate
D13: x | E13: x
A14: Clear & Grub + Bulk Excavation | C14: =(E14-D14+1)*DaysPerYearRatio -> 139.72603 | D14: =+E12+1 -> 43405 | E14: =+D14+180+19 -> 43604 | F14: =SUM(I14:CZ14)/C14 -> 0.19087002 | G14: =SUM(I14:CZ14)/(C14-SUM(I14:CZ14)) -> 0.23589537 | I14: =IF(OR(AND(I$9>=$D14,I$9<=$E14),I$9=$D14+1-DAY($D14)),I$51,"") | J14: =IF(OR(AND(J$9>=$D14,J$9<=$E14),J$9=$D14+1-DAY($D14)),J$51,"") | K14: =IF(OR(AND(K$9>=$D14,K$9<=$E14),K$9=$D14+1-DAY($D14)),K$51,"") -> 4.5175 | L14: =IF(OR(AND(L$9>=$D14,L$9<=$E14),L$9=$D14+1-DAY($D14)),L$51,"") -> 3.3037097 | M14: =IF(OR(AND(M$9>=$D14,M$9<=$E14),M$9=$D14+1-DAY($D14)),M$51,"") -> 2.8104839 | N14: =IF(OR(AND(N$9>=$D14,N$9<=$E14),N$9=$D14+1-DAY($D14)),N$51,"") -> 3.4404464 | O14: =IF(OR(AND(O$9>=$D14,O$9<=$E14),O$9=$D14+1-DAY($D14)),O$51,"") -> 3.0827419 | P14: =IF(OR(AND(P$9>=$D14,P$9<=$E14),P$9=$D14+1-DAY($D14)),P$51,"") -> 3.8372083 | ... CZ14: =IF(OR(AND(CZ$9>=$D14,CZ$9<=$E14),CZ$9=$D14+1-DAY($D14)),CZ$51,"") | DB14: data to calculate potential delays
D15: x | E15: x
A16: Substructure | C16: =(E16-D16+1)*DaysPerYearRatio -> 63.575342 | D16: =+E14+1 -> 43605 | E16: =+D16+90 -> 43695 | F16: =SUM(I16:CZ16)/C16 -> 0.13035074 | G16: =SUM(I16:CZ16)/(C16-SUM(I16:CZ16)) -> 0.14988886 | I16: =IF(OR(AND(I$9>=$D16,I$9<=$E16),I$9=$D16+1-DAY($D16)),I$51,"") | J16: =IF(OR(AND(J$9>=$D16,J$9<=$E16),J$9=$D16+1-DAY($D16)),J$51,"") | K16: =IF(OR(AND(K$9>=$D16,K$9<=$E16),K$9=$D16+1-DAY($D16)),K$51,"") | L16: =IF(OR(AND(L$9>=$D16,L$9<=$E16),L$9=$D16+1-DAY($D16)),L$51,"") | M16: =IF(OR(AND(M$9>=$D16,M$9<=$E16),M$9=$D16+1-DAY($D16)),M$51,"") | N16: =IF(OR(AND(N$9>=$D16,N$9<=$E16),N$9=$D16+1-DAY($D16)),N$51,"") | O16: =IF(OR(AND(O$9>=$D16,O$9<=$E16),O$9=$D16+1-DAY($D16)),O$51,"") | P16: =IF(OR(AND(P$9>=$D16,P$9<=$E16),P$9=$D16+1-DAY($D16)),P$51,"") | ... CZ16: =IF(OR(AND(CZ$9>=$D16,CZ$9<=$E16),CZ$9=$D16+1-DAY($D16)),CZ$51,"")
D17: x
A18: Precast & Steelwork Structure | C18: =(E18-D18+1)*DaysPerYearRatio -> 225.65753 | D18: =+E16+1 -> 43696 | E18: =+D18+300+21+1 -> 44018 | F18: =SUM(I18:CZ18)/C18 -> 0.093963782 | G18: =SUM(I18:CZ18)/(C18-SUM(I18:CZ18)) -> 0.10370864 | I18: =IF(OR(AND(I$9>=$D18,I$9<=$E18),I$9=$D18+1-DAY($D18)),I$51,"") | J18: =IF(OR(AND(J$9>=$D18,J$9<=$E18),J$9=$D18+1-DAY($D18)),J$51,"") | K18: =IF(OR(AND(K$9>=$D18,K$9<=$E18),K$9=$D18+1-DAY($D18)),K$51,"") | L18: =IF(OR(AND(L$9>=$D18,L$9<=$E18),L$9=$D18+1-DAY($D18)),L$51,"") | M18: =IF(OR(AND(M$9>=$D18,M$9<=$E18),M$9=$D18+1-DAY($D18)),M$51,"") | N18: =IF(OR(AND(N$9>=$D18,N$9<=$E18),N$9=$D18+1-DAY($D18)),N$51,"") | O18: =IF(OR(AND(O$9>=$D18,O$9<=$E18),O$9=$D18+1-DAY($D18)),O$51,"") | P18: =IF(OR(AND(P$9>=$D18,P$9<=$E18),P$9=$D18+1-DAY($D18)),P$51,"") | ... CZ18: =IF(OR(AND(CZ$9>=$D18,CZ$9<=$E18),CZ$9=$D18+1-DAY($D18)),CZ$51,"")
D19: x | E19: x
A20: Fitout & Finishes | C20: =(E20-D20+1)*DaysPerYearRatio -> 319.27397 | D20: =+E18+1 -> 44019 | E20: =+D20+(15*30)-11+17 -> 44475 | F20: =SUM(I20:CZ20)/C20 -> 0.038263616 | G20: =SUM(I20:CZ20)/(C20-SUM(I20:CZ20)) -> 0.039785972 | I20: =IF(OR(AND(I$9>=$D20,I$9<=$E20),I$9=$D20+1-DAY($D20)),I$51,"") | J20: =IF(OR(AND(J$9>=$D20,J$9<=$E20),J$9=$D20+1-DAY($D20)),J$51,"") | K20: =IF(OR(AND(K$9>=$D20,K$9<=$E20),K$9=$D20+1-DAY($D20)),K$51,"") | L20: =IF(OR(AND(L$9>=$D20,L$9<=$E20),L$9=$D20+1-DAY($D20)),L$51,"") | M20: =IF(OR(AND(M$9>=$D20,M$9<=$E20),M$9=$D20+1-DAY($D20)),M$51,"") | N20: =IF(OR(AND(N$9>=$D20,N$9<=$E20),N$9=$D20+1-DAY($D20)),N$51,"") | O20: =IF(OR(AND(O$9>=$D20,O$9<=$E20),O$9=$D20+1-DAY($D20)),O$51,"") | P20: =IF(OR(AND(P$9>=$D20,P$9<=$E20),P$9=$D20+1-DAY($D20)),P$51,"") | ... CZ20: =IF(OR(AND(CZ$9>=$D20,CZ$9<=$E20),CZ$9=$D20+1-DAY($D20)),CZ$51,"")
D21: x | E21: x
A22: Testing & Commissioning | C22: =(E22-D22+1)*DaysPerYearRatio -> 115.9726 | D22: =+E20+1 -> 44476 | E22: =+D22+180+3-18 -> 44641 | F22: =SUM(I22:CZ22)/C22 -> 0.035710405 | G22: =SUM(I22:CZ22)/(C22-SUM(I22:CZ22)) -> 0.037032863 | I22: =IF(OR(AND(I$9>=$D22,I$9<=$E22),I$9=$D22+1-DAY($D22)),I$51,"") | J22: =IF(OR(AND(J$9>=$D22,J$9<=$E22),J$9=$D22+1-DAY($D22)),J$51,"") | K22: =IF(OR(AND(K$9>=$D22,K$9<=$E22),K$9=$D22+1-DAY($D22)),K$51,"") | L22: =IF(OR(AND(L$9>=$D22,L$9<=$E22),L$9=$D22+1-DAY($D22)),L$51,"") | M22: =IF(OR(AND(M$9>=$D22,M$9<=$E22),M$9=$D22+1-DAY($D22)),M$51,"") | N22: =IF(OR(AND(N$9>=$D22,N$9<=$E22),N$9=$D22+1-DAY($D22)),N$51,"") | O22: =IF(OR(AND(O$9>=$D22,O$9<=$E22),O$9=$D22+1-DAY($D22)),O$51,"") | P22: =IF(OR(AND(P$9>=$D22,P$9<=$E22),P$9=$D22+1-DAY($D22)),P$51,"") | ... CZ22: =IF(OR(AND(CZ$9>=$D22,CZ$9<=$E22),CZ$9=$D22+1-DAY($D22)),CZ$51,"")
D23: x | E23: x
I24: =IF(OR(AND(I$9>=$D24,I$9<=$E24),I$9=$D24+1-DAY($D24)),I$51,"") | J24: =IF(OR(AND(J$9>=$D24,J$9<=$E24),J$9=$D24+1-DAY($D24)),J$51,"") | K24: =IF(OR(AND(K$9>=$D24,K$9<=$E24),K$9=$D24+1-DAY($D24)),K$51,"") | L24: =IF(OR(AND(L$9>=$D24,L$9<=$E24),L$9=$D24+1-DAY($D24)),L$51,"") | M24: =IF(OR(AND(M$9>=$D24,M$9<=$E24),M$9=$D24+1-DAY($D24)),M$51,"") | N24: =IF(OR(AND(N$9>=$D24,N$9<=$E24),N$9=$D24+1-DAY($D24)),N$51,"") | O24: =IF(OR(AND(O$9>=$D24,O$9<=$E24),O$9=$D24+1-DAY($D24)),O$51,"") | P24: =IF(OR(AND(P$9>=$D24,P$9<=$E24),P$9=$D24+1-DAY($D24)),P$51,"") | ... CZ24: =IF(OR(AND(CZ$9>=$D24,CZ$9<=$E24),CZ$9=$D24+1-DAY($D24)),CZ$51,"")
D25: x | E25: x
I26: =IF(OR(AND(I$9>=$D26,I$9<=$E26),I$9=$D26+1-DAY($D26)),I$51,"") | J26: =IF(OR(AND(J$9>=$D26,J$9<=$E26),J$9=$D26+1-DAY($D26)),J$51,"") | K26: =IF(OR(AND(K$9>=$D26,K$9<=$E26),K$9=$D26+1-DAY($D26)),K$51,"") | L26: =IF(OR(AND(L$9>=$D26,L$9<=$E26),L$9=$D26+1-DAY($D26)),L$51,"") | M26: =IF(OR(AND(M$9>=$D26,M$9<=$E26),M$9=$D26+1-DAY($D26)),M$51,"") | N26: =IF(OR(AND(N$9>=$D26,N$9<=$E26),N$9=$D26+1-DAY($D26)),N$51,"") | O26: =IF(OR(AND(O$9>=$D26,O$9<=$E26),O$9=$D26+1-DAY($D26)),O$51,"") | P26: =IF(OR(AND(P$9>=$D26,P$9<=$E26),P$9=$D26+1-DAY($D26)),P$51,"") | ... CZ26: =IF(OR(AND(CZ$9>=$D26,CZ$9<=$E26),CZ$9=$D26+1-DAY($D26)),CZ$51,"")
I28: =IF(OR(AND(I$9>=$D28,I$9<=$E28),I$9=$D28+1-DAY($D28)),I$51,"") | J28: =IF(OR(AND(J$9>=$D28,J$9<=$E28),J$9=$D28+1-DAY($D28)),J$51,"") | K28: =IF(OR(AND(K$9>=$D28,K$9<=$E28),K$9=$D28+1-DAY($D28)),K$51,"") | L28: =IF(OR(AND(L$9>=$D28,L$9<=$E28),L$9=$D28+1-DAY($D28)),L$51,"") | M28: =IF(OR(AND(M$9>=$D28,M$9<=$E28),M$9=$D28+1-DAY($D28)),M$51,"") | N28: =IF(OR(AND(N$9>=$D28,N$9<=$E28),N$9=$D28+1-DAY($D28)),N$51,"") | O28: =IF(OR(AND(O$9>=$D28,O$9<=$E28),O$9=$D28+1-DAY($D28)),O$51,"") | P28: =IF(OR(AND(P$9>=$D28,P$9<=$E28),P$9=$D28+1-DAY($D28)),P$51,"") | ... CZ28: =IF(OR(AND(CZ$9>=$D28,CZ$9<=$E28),CZ$9=$D28+1-DAY($D28)),CZ$51,"")
A29: Working Days | C29: =INT(SUM(C12:C28)) -> 905 | F29: =D51/C29 -> 0.086204979 | G29: =D51/(D59-D51) -> 0.094337326
A31: Inclement Weather Risk | H31: =H$9 -> 43343 | I31: =I$9 -> 43358 | J31: =J$9 -> 43388 | K31: =K$9 -> 43419 | L31: =L$9 -> 43449 | M31: =M$9 -> 43480 | N31: =N$9 -> 43511 | O31: =O$9 -> 43539 | ... CZ31: =CZ$9 -> 46249
A32: Rain risk | H32: =HLOOKUP(MONTH(H$31),'Weather Calculation'!$H$19:$S$23,2,TRUE) -> Med | I32: =HLOOKUP(MONTH(I$31),'Weather Calculation'!$H$19:$S$23,2,TRUE) -> Med | J32: =HLOOKUP(MONTH(J$31),'Weather Calculation'!$H$19:$S$23,2,TRUE) -> Med | K32: =HLOOKUP(MONTH(K$31),'Weather Calculation'!$H$19:$S$23,2,TRUE) -> Med | L32: =HLOOKUP(MONTH(L$31),'Weather Calculation'!$H$19:$S$23,2,TRUE) -> Med | M32: =HLOOKUP(MONTH(M$31),'Weather Calculation'!$H$19:$S$23,2,TRUE) -> Low | N32: =HLOOKUP(MONTH(N$31),'Weather Calculation'!$H$19:$S$23,2,TRUE) -> Low | O32: =HLOOKUP(MONTH(O$31),'Weather Calculation'!$H$19:$S$23,2,TRUE) -> Low | ... S32: =HLOOKUP(MONTH(S$31),'Weather Calculation'!$H$19:$S$23,2,TRUE) -> Med | T32: =H32 -> Med | U32: =I32 -> Med | V32: =J32 -> Med | W32: =K32 -> Med | X32: =L32 -> Med | Y32: =M32 -> Low | Z32: =N32 -> Low | AA32: =O32 -> Low | ... CZ32: =CN32 -> Med
A33: Heat risk | H33: =HLOOKUP(MONTH(H$31),'Weather Calculation'!$H$19:$S$23,3,TRUE) -> Low | I33: =HLOOKUP(MONTH(I$31),'Weather Calculation'!$H$19:$S$23,3,TRUE) -> Low | J33: =HLOOKUP(MONTH(J$31),'Weather Calculation'!$H$19:$S$23,3,TRUE) -> Med | K33: =HLOOKUP(MONTH(K$31),'Weather Calculation'!$H$19:$S$23,3,TRUE) -> Med | L33: =HLOOKUP(MONTH(L$31),'Weather Calculation'!$H$19:$S$23,3,TRUE) -> Med | M33: =HLOOKUP(MONTH(M$31),'Weather Calculation'!$H$19:$S$23,3,TRUE) -> High | N33: =HLOOKUP(MONTH(N$31),'Weather Calculation'!$H$19:$S$23,3,TRUE) -> High | O33: =HLOOKUP(MONTH(O$31),'Weather Calculation'!$H$19:$S$23,3,TRUE) -> Med | ... S33: =HLOOKUP(MONTH(S$31),'Weather Calculation'!$H$19:$S$23,3,TRUE) -> Low | T33: =H33 -> Low | U33: =I33 -> Low | V33: =J33 -> Med | W33: =K33 -> Med | X33: =L33 -> Med | Y33: =M33 -> High | Z33: =N33 -> High | AA33: =O33 -> Med | ... CZ33: =CN33 -> Low
A34: Cold / Frost risk | H34: =HLOOKUP(MONTH(H$31),'Weather Calculation'!$H$19:$S$23,4,TRUE) -> High | I34: =HLOOKUP(MONTH(I$31),'Weather Calculation'!$H$19:$S$23,4,TRUE) -> High | J34: =HLOOKUP(MONTH(J$31),'Weather Calculation'!$H$19:$S$23,4,TRUE) -> High | K34: =HLOOKUP(MONTH(K$31),'Weather Calculation'!$H$19:$S$23,4,TRUE) -> Med | L34: =HLOOKUP(MONTH(L$31),'Weather Calculation'!$H$19:$S$23,4,TRUE) -> High | M34: =HLOOKUP(MONTH(M$31),'Weather Calculation'!$H$19:$S$23,4,TRUE) -> Low | N34: =HLOOKUP(MONTH(N$31),'Weather Calculation'!$H$19:$S$23,4,TRUE) -> Low | O34: =HLOOKUP(MONTH(O$31),'Weather Calculation'!$H$19:$S$23,4,TRUE) -> Med | ... S34: =HLOOKUP(MONTH(S$31),'Weather Calculation'!$H$19:$S$23,4,TRUE) -> High | T34: =H34 -> High | U34: =I34 -> High | V34: =J34 -> High | W34: =K34 -> Med | X34: =L34 -> High | Y34: =M34 -> Low | Z34: =N34 -> Low | AA34: =O34 -> Med | ... CZ34: =CN34 -> High
A35: Wind risk | H35: =HLOOKUP(MONTH(H$31),'Weather Calculation'!$H$19:$S$23,5,TRUE) -> Med | I35: =HLOOKUP(MONTH(I$31),'Weather Calculation'!$H$19:$S$23,5,TRUE) -> Med | J35: =HLOOKUP(MONTH(J$31),'Weather Calculation'!$H$19:$S$23,5,TRUE) -> Med | K35: =HLOOKUP(MONTH(K$31),'Weather Calculation'!$H$19:$S$23,5,TRUE) -> Med | L35: =HLOOKUP(MONTH(L$31),'Weather Calculation'!$H$19:$S$23,5,TRUE) -> Med | M35: =HLOOKUP(MONTH(M$31),'Weather Calculation'!$H$19:$S$23,5,TRUE) -> Med | N35: =HLOOKUP(MONTH(N$31),'Weather Calculation'!$H$19:$S$23,5,TRUE) -> Med | O35: =HLOOKUP(MONTH(O$31),'Weather Calculation'!$H$19:$S$23,5,TRUE) -> Med | ... S35: =HLOOKUP(MONTH(S$31),'Weather Calculation'!$H$19:$S$23,5,TRUE) -> Med | T35: =H35 -> Med | U35: =I35 -> Med | V35: =J35 -> Med | W35: =K35 -> Med | X35: =L35 -> Med | Y35: =M35 -> Med | Z35: =N35 -> Med | AA35: =O35 -> Med | ... CZ35: =CN35 -> Med
A37: Climate Notes | H37: =CONCATENATE("Weather Data from BoM Weather Station ",'BOM csv data'!A8) -> Weather Data from BoM Weather Station 086077 MOORABBIN AIRPORT
A38: Delay Risk Notes
A40: Forecast Delay Allowance in Working Days | D40: Totals | CZ40: .
H41: =H$9 -> 43343 | I41: =I$9 -> 43358 | J41: =J$9 -> 43388 | K41: =K$9 -> 43419 | L41: =L$9 -> 43449 | M41: =M$9 -> 43480 | N41: =N$9 -> 43511 | O41: =O$9 -> 43539 | ... CZ41: =CZ$9 -> 46249
A42: Wet Weather | D42: =SUM(I42:CZ42) -> 54.127297 | I42: =IF(I11>0,(HLOOKUP(MONTH(I$41),'Weather Calculation'!$H$68:$S$81,(I11+1),TRUE)),0) -> 2.0771875 | J42: =IF(J11>0,(HLOOKUP(MONTH(J$41),'Weather Calculation'!$H$68:$S$81,(J11+1),TRUE)),0) -> 2.2959677 | K42: =IF(K11>0,(HLOOKUP(MONTH(K$41),'Weather Calculation'!$H$68:$S$81,(K11+1),TRUE)),0) -> 3.9375 | L42: =IF(L11>0,(HLOOKUP(MONTH(L$41),'Weather Calculation'!$H$68:$S$81,(L11+1),TRUE)),0) -> 2.141129 | M42: =IF(M11>0,(HLOOKUP(MONTH(M$41),'Weather Calculation'!$H$68:$S$81,(M11+1),TRUE)),0) -> 1.9233871 | N42: =IF(N11>0,(HLOOKUP(MONTH(N$41),'Weather Calculation'!$H$68:$S$81,(N11+1),TRUE)),0) -> 3.0790179 | O42: =IF(O11>0,(HLOOKUP(MONTH(O$41),'Weather Calculation'!$H$68:$S$81,(O11+1),TRUE)),0) -> 2.9491935 | P42: =IF(P11>0,(HLOOKUP(MONTH(P$41),'Weather Calculation'!$H$68:$S$81,(P11+1),TRUE)),0) -> 3.811875 | ... CZ42: =IF(CZ11>0,(HLOOKUP(MONTH(CZ$41),'Weather Calculation'!$H$68:$S$81,(CZ11+1),TRUE)),0) -> 0
A43: Hot Weather (Average days over 37 degrees C.) lose | C43: ='Weather Calculation'!E5 -> 0.4 | D43: =SUM(I43:CZ43) -> 4.4986175 | I43: =IF(I$9<$F$7,(HLOOKUP(MONTH(I$41),'Weather Calculation'!$H$68:$S$81,7,TRUE)),0) -> 0 | J43: =IF(J$9<$F$7,(HLOOKUP(MONTH(J$41),'Weather Calculation'!$H$68:$S$81,7,TRUE)),0) -> 0 | K43: =IF(K$9<$F$7,(HLOOKUP(MONTH(K$41),'Weather Calculation'!$H$68:$S$81,7,TRUE)),0) -> 0.08 | L43: =IF(L$9<$F$7,(HLOOKUP(MONTH(L$41),'Weather Calculation'!$H$68:$S$81,7,TRUE)),0) -> 0.16258065 | M43: =IF(M$9<$F$7,(HLOOKUP(MONTH(M$41),'Weather Calculation'!$H$68:$S$81,7,TRUE)),0) -> 0.38709677 | N43: =IF(N$9<$F$7,(HLOOKUP(MONTH(N$41),'Weather Calculation'!$H$68:$S$81,7,TRUE)),0) -> 0.36142857 | O43: =IF(O$9<$F$7,(HLOOKUP(MONTH(O$41),'Weather Calculation'!$H$68:$S$81,7,TRUE)),0) -> 0.13354839 | P43: =IF(P$9<$F$7,(HLOOKUP(MONTH(P$41),'Weather Calculation'!$H$68:$S$81,7,TRUE)),0) -> 0 | ... CZ43: =IF(CZ$9<$F$7,(HLOOKUP(MONTH(CZ$41),'Weather Calculation'!$H$68:$S$81,7,TRUE)),0) -> 0
A44: Cold Weather (<2 degress C.) Lose | C44: ='Weather Calculation'!E6 -> 0.2 | D44: =SUM(I44:CZ44) -> 4.3895914 | I44: =IF(I$9<$F$7,(HLOOKUP(MONTH(I$41),'Weather Calculation'!$H$68:$S$81,8,TRUE)),0) -> 0.10733333 | J44: =IF(J$9<$F$7,(HLOOKUP(MONTH(J$41),'Weather Calculation'!$H$68:$S$81,8,TRUE)),0) -> 0.016774194 | K44: =IF(K$9<$F$7,(HLOOKUP(MONTH(K$41),'Weather Calculation'!$H$68:$S$81,8,TRUE)),0) -> 0 | L44: =IF(L$9<$F$7,(HLOOKUP(MONTH(L$41),'Weather Calculation'!$H$68:$S$81,8,TRUE)),0) -> 0 | M44: =IF(M$9<$F$7,(HLOOKUP(MONTH(M$41),'Weather Calculation'!$H$68:$S$81,8,TRUE)),0) -> 0 | N44: =IF(N$9<$F$7,(HLOOKUP(MONTH(N$41),'Weather Calculation'!$H$68:$S$81,8,TRUE)),0) -> 0 | O44: =IF(O$9<$F$7,(HLOOKUP(MONTH(O$41),'Weather Calculation'!$H$68:$S$81,8,TRUE)),0) -> 0 | P44: =IF(P$9<$F$7,(HLOOKUP(MONTH(P$41),'Weather Calculation'!$H$68:$S$81,8,TRUE)),0) -> 0.025333333 | ... CZ44: =IF(CZ$9<$F$7,(HLOOKUP(MONTH(CZ$41),'Weather Calculation'!$H$68:$S$81,8,TRUE)),0) -> 0
A45: Wind (Assumption) | D45: =SUM(I45:CZ45) -> 8 | I45: =IF(I$9<$F$7,(HLOOKUP(MONTH(I$41),'Weather Calculation'!$H$68:$S$81,9,TRUE)),0) -> 0 | J45: =IF(J$9<$F$7,(HLOOKUP(MONTH(J$41),'Weather Calculation'!$H$68:$S$81,9,TRUE)),0) -> 0.5 | K45: =IF(K$9<$F$7,(HLOOKUP(MONTH(K$41),'Weather Calculation'!$H$68:$S$81,9,TRUE)),0) -> 0.5 | L45: =IF(L$9<$F$7,(HLOOKUP(MONTH(L$41),'Weather Calculation'!$H$68:$S$81,9,TRUE)),0) -> 0.5 | M45: =IF(M$9<$F$7,(HLOOKUP(MONTH(M$41),'Weather Calculation'!$H$68:$S$81,9,TRUE)),0) -> 0.5 | N45: =IF(N$9<$F$7,(HLOOKUP(MONTH(N$41),'Weather Calculation'!$H$68:$S$81,9,TRUE)),0) -> 0 | O45: =IF(O$9<$F$7,(HLOOKUP(MONTH(O$41),'Weather Calculation'!$H$68:$S$81,9,TRUE)),0) -> 0 | P45: =IF(P$9<$F$7,(HLOOKUP(MONTH(P$41),'Weather Calculation'!$H$68:$S$81,9,TRUE)),0) -> 0 | ... CZ45: =IF(CZ$9<$F$7,(HLOOKUP(MONTH(CZ$41),'Weather Calculation'!$H$68:$S$81,9,TRUE)),0) -> 0
A46: Client / Authority | D46: =SUM(I46:CZ46) -> 0 | I46: =IF(I$9<$F$7,(HLOOKUP(MONTH(I$41),'Weather Calculation'!$H$68:$S$81,10,TRUE)),0) -> 0 | J46: =IF(J$9<$F$7,(HLOOKUP(MONTH(J$41),'Weather Calculation'!$H$68:$S$81,10,TRUE)),0) -> 0 | K46: =IF(K$9<$F$7,(HLOOKUP(MONTH(K$41),'Weather Calculation'!$H$68:$S$81,10,TRUE)),0) -> 0 | L46: =IF(L$9<$F$7,(HLOOKUP(MONTH(L$41),'Weather Calculation'!$H$68:$S$81,10,TRUE)),0) -> 0 | M46: =IF(M$9<$F$7,(HLOOKUP(MONTH(M$41),'Weather Calculation'!$H$68:$S$81,10,TRUE)),0) -> 0 | N46: =IF(N$9<$F$7,(HLOOKUP(MONTH(N$41),'Weather Calculation'!$H$68:$S$81,10,TRUE)),0) -> 0 | O46: =IF(O$9<$F$7,(HLOOKUP(MONTH(O$41),'Weather Calculation'!$H$68:$S$81,10,TRUE)),0) -> 0 | P46: =IF(P$9<$F$7,(HLOOKUP(MONTH(P$41),'Weather Calculation'!$H$68:$S$81,10,TRUE)),0) -> 0 | ... CZ46: =IF(CZ$9<$F$7,(HLOOKUP(MONTH(CZ$41),'Weather Calculation'!$H$68:$S$81,10,TRUE)),0) -> 0
A47: Subcontractor | D47: =SUM(I47:CZ47) -> 0 | I47: =IF(I$9<$F$7,(HLOOKUP(MONTH(I$41),'Weather Calculation'!$H$68:$S$81,11,TRUE)),0) -> 0 | J47: =IF(J$9<$F$7,(HLOOKUP(MONTH(J$41),'Weather Calculation'!$H$68:$S$81,11,TRUE)),0) -> 0 | K47: =IF(K$9<$F$7,(HLOOKUP(MONTH(K$41),'Weather Calculation'!$H$68:$S$81,11,TRUE)),0) -> 0 | L47: =IF(L$9<$F$7,(HLOOKUP(MONTH(L$41),'Weather Calculation'!$H$68:$S$81,11,TRUE)),0) -> 0 | M47: =IF(M$9<$F$7,(HLOOKUP(MONTH(M$41),'Weather Calculation'!$H$68:$S$81,11,TRUE)),0) -> 0 | N47: =IF(N$9<$F$7,(HLOOKUP(MONTH(N$41),'Weather Calculation'!$H$68:$S$81,11,TRUE)),0) -> 0 | O47: =IF(O$9<$F$7,(HLOOKUP(MONTH(O$41),'Weather Calculation'!$H$68:$S$81,11,TRUE)),0) -> 0 | P47: =IF(P$9<$F$7,(HLOOKUP(MONTH(P$41),'Weather Calculation'!$H$68:$S$81,11,TRUE)),0) -> 0 | ... CZ47: =IF(CZ$9<$F$7,(HLOOKUP(MONTH(CZ$41),'Weather Calculation'!$H$68:$S$81,11,TRUE)),0) -> 0
A48: Industrial (Assumption) | D48: =SUM(I48:CZ48) -> 7 | I48: =IF(I$9<$F$7,(HLOOKUP(MONTH(I$41),'Weather Calculation'!$H$68:$S$81,12,TRUE)),0) -> 0 | J48: =IF(J$9<$F$7,(HLOOKUP(MONTH(J$41),'Weather Calculation'!$H$68:$S$81,12,TRUE)),0) -> 0.5 | K48: =IF(K$9<$F$7,(HLOOKUP(MONTH(K$41),'Weather Calculation'!$H$68:$S$81,12,TRUE)),0) -> 0 | L48: =IF(L$9<$F$7,(HLOOKUP(MONTH(L$41),'Weather Calculation'!$H$68:$S$81,12,TRUE)),0) -> 0.5 | M48: =IF(M$9<$F$7,(HLOOKUP(MONTH(M$41),'Weather Calculation'!$H$68:$S$81,12,TRUE)),0) -> 0 | N48: =IF(N$9<$F$7,(HLOOKUP(MONTH(N$41),'Weather Calculation'!$H$68:$S$81,12,TRUE)),0) -> 0 | O48: =IF(O$9<$F$7,(HLOOKUP(MONTH(O$41),'Weather Calculation'!$H$68:$S$81,12,TRUE)),0) -> 0 | P48: =IF(P$9<$F$7,(HLOOKUP(MONTH(P$41),'Weather Calculation'!$H$68:$S$81,12,TRUE)),0) -> 0 | ... CZ48: =IF(CZ$9<$F$7,(HLOOKUP(MONTH(CZ$41),'Weather Calculation'!$H$68:$S$81,12,TRUE)),0) -> 0
A49: Plant | D49: =SUM(I49:CZ49) -> 0 | I49: =IF(I$9<$F$7,(HLOOKUP(MONTH(I$41),'Weather Calculation'!$H$68:$S$81,13,TRUE)),0) -> 0 | J49: =IF(J$9<$F$7,(HLOOKUP(MONTH(J$41),'Weather Calculation'!$H$68:$S$81,13,TRUE)),0) -> 0 | K49: =IF(K$9<$F$7,(HLOOKUP(MONTH(K$41),'Weather Calculation'!$H$68:$S$81,13,TRUE)),0) -> 0 | L49: =IF(L$9<$F$7,(HLOOKUP(MONTH(L$41),'Weather Calculation'!$H$68:$S$81,13,TRUE)),0) -> 0 | M49: =IF(M$9<$F$7,(HLOOKUP(MONTH(M$41),'Weather Calculation'!$H$68:$S$81,13,TRUE)),0) -> 0 | N49: =IF(N$9<$F$7,(HLOOKUP(MONTH(N$41),'Weather Calculation'!$H$68:$S$81,13,TRUE)),0) -> 0 | O49: =IF(O$9<$F$7,(HLOOKUP(MONTH(O$41),'Weather Calculation'!$H$68:$S$81,13,TRUE)),0) -> 0 | P49: =IF(P$9<$F$7,(HLOOKUP(MONTH(P$41),'Weather Calculation'!$H$68:$S$81,13,TRUE)),0) -> 0 | ... CZ49: =IF(CZ$9<$F$7,(HLOOKUP(MONTH(CZ$41),'Weather Calculation'!$H$68:$S$81,13,TRUE)),0) -> 0
A50: Other | D50: =SUM(I50:CZ50) -> 0 | I50: =IF(I$9<$F$7,(HLOOKUP(MONTH(I$41),'Weather Calculation'!$H$68:$S$81,14,TRUE)),0) -> 0 | J50: =IF(J$9<$F$7,(HLOOKUP(MONTH(J$41),'Weather Calculation'!$H$68:$S$81,14,TRUE)),0) -> 0 | K50: =IF(K$9<$F$7,(HLOOKUP(MONTH(K$41),'Weather Calculation'!$H$68:$S$81,14,TRUE)),0) -> 0 | L50: =IF(L$9<$F$7,(HLOOKUP(MONTH(L$41),'Weather Calculation'!$H$68:$S$81,14,TRUE)),0) -> 0 | M50: =IF(M$9<$F$7,(HLOOKUP(MONTH(M$41),'Weather Calculation'!$H$68:$S$81,14,TRUE)),0) -> 0 | N50: =IF(N$9<$F$7,(HLOOKUP(MONTH(N$41),'Weather Calculation'!$H$68:$S$81,14,TRUE)),0) -> 0 | O50: =IF(O$9<$F$7,(HLOOKUP(MONTH(O$41),'Weather Calculation'!$H$68:$S$81,14,TRUE)),0) -> 0 | P50: =IF(P$9<$F$7,(HLOOKUP(MONTH(P$41),'Weather Calculation'!$H$68:$S$81,14,TRUE)),0) -> 0 | ... CZ50: =IF(CZ$9<$F$7,(HLOOKUP(MONTH(CZ$41),'Weather Calculation'!$H$68:$S$81,14,TRUE)),0) -> 0
A51: Total (Working Days lost) | D51: =SUM(D42:D50) -> 78.015506 | F51: =F29 -> 0.086204979 | G51: =D51/D61 -> 0.094337326 | I51: =SUM(I42:I50) -> 2.1845208 | J51: =SUM(J42:J50) -> 3.3127419 | K51: =SUM(K42:K50) -> 4.5175 | L51: =SUM(L42:L50) -> 3.3037097 | M51: =SUM(M42:M50) -> 2.8104839 | N51: =SUM(N42:N50) -> 3.4404464 | O51: =SUM(O42:O50) -> 3.0827419 | P51: =SUM(P42:P50) -> 3.8372083 | ... CZ51: =SUM(CZ42:CZ50) -> 0
A53: Cumulative Total | I53: =H53+I51 -> 2.1845208 | J53: =I53+J51 -> 5.4972628 | K53: =J53+K51 -> 10.014763 | L53: =K53+L51 -> 13.318472 | M53: =L53+M51 -> 16.128956 | N53: =M53+N51 -> 19.569403 | O53: =N53+O51 -> 22.652145 | P53: =O53+P51 -> 26.489353 | ... CZ53: =CY53+CZ51 -> 78.015506
A54: Calculation Notes | K54: =INT(D51)&" Delay Days = "&(ROUND((CZ53/C29)*100,1)&"% of overall gross duration") -> 78 Delay Days = 8.6% of overall gross duration
A57: Working Days | D57: Totals | CZ57: .
H58: =H$9 -> 43343 | I58: =I$9 -> 43358 | J58: =J$9 -> 43388 | K58: =K$9 -> 43419 | L58: =L$9 -> 43449 | M58: =M$9 -> 43480 | N58: =N$9 -> 43511 | O58: =O$9 -> 43539 | ... CZ58: =CZ$9 -> 46249
A59: Gross Work Days (ie Cal Days - Hols, RDOs, NWDs etc) | D59: =C29 -> 905 | I59: =HLOOKUP(MONTH(I58),'Weather Calculation'!$H$26:$S$27,2,TRUE) -> 23 | J59: =HLOOKUP(MONTH(J58),'Weather Calculation'!$H$26:$S$27,2,TRUE) -> 26 | K59: =HLOOKUP(MONTH(K58),'Weather Calculation'!$H$26:$S$27,2,TRUE) -> 20 | L59: =HLOOKUP(MONTH(L58),'Weather Calculation'!$H$26:$S$27,2,TRUE) -> 12 | M59: =HLOOKUP(MONTH(M58),'Weather Calculation'!$H$26:$S$27,2,TRUE) -> 15 | N59: =HLOOKUP(MONTH(N58),'Weather Calculation'!$H$26:$S$27,2,TRUE) -> 22 | O59: =HLOOKUP(MONTH(O58),'Weather Calculation'!$H$26:$S$27,2,TRUE) -> 23 | P59: =HLOOKUP(MONTH(P58),'Weather Calculation'!$H$26:$S$27,2,TRUE) -> 19 | ... T59: =HLOOKUP(MONTH(T58),'Weather Calculation'!$H$26:$S$27,2,TRUE) -> 24 | U59: =I59 -> 23 | V59: =J59 -> 26 | W59: =K59 -> 20 | X59: =L59 -> 12 | Y59: =M59 -> 15 | Z59: =N59 -> 22 | AA59: =O59 -> 23 | AB59: =P59 -> 19 | ... CZ59: =CN59 -> 24
A60: Cumulative Gross Work Days | I60: =H60+I59 -> 23 | J60: =I60+J59 -> 49 | K60: =J60+K59 -> 69 | L60: =K60+L59 -> 81 | M60: =L60+M59 -> 96 | N60: =M60+N59 -> 118 | O60: =N60+O59 -> 141 | P60: =O60+P59 -> 160 | ... CZ60: =CY60+CZ59 -> 2040
A61: Nett Work Days (ie Gross Work Days - Monthly Delay Allowance) | D61: =+D59-D51 -> 826.98449 | F61: =D61/D59 -> 0.91379502 | I61: =+I59-I51 -> 20.815479 | J61: =+J59-J51 -> 22.687258 | K61: =+K59-K51 -> 15.4825 | L61: =+L59-L51 -> 8.6962903 | M61: =+M59-M51 -> 12.189516 | N61: =+N59-N51 -> 18.559554 | O61: =+O59-O51 -> 19.917258 | P61: =+P59-P51 -> 15.162792 | ... AR61: =+AR59-AR51 -> 22.965806 | AS61: =AG61 -> 22.571625 | AT61: =AH61 -> 24.574355 | AU61: =AI61 -> 19.095 | AV61: =AJ61 -> 10.639032 | AW61: =AK61 -> 13.940524 | AX61: =AL61 -> 21.309554 | AY61: =AM61 -> 22.625323 | AZ61: =AN61 -> 18.661958 | ... CZ61: =CN61 -> 22.965806
A62: Cumulative Net Work Days | I62: =H62+I61 -> 20.815479 | J62: =I62+J61 -> 43.502737 | K62: =J62+K61 -> 58.985237 | L62: =K62+L61 -> 67.681528 | M62: =L62+M61 -> 79.871044 | N62: =M62+N61 -> 98.430597 | O62: =N62+O61 -> 118.34786 | P62: =O62+P61 -> 133.51065 | ... CZ62: =CY62+CZ61 -> 1916.756

Sheet Rain+Other Factors
B1: Typical Standard Rain Factors
C3: EXPOSURE 1 CIVIL Bulk Earthworks & Inground Works below -0.75m | G3: EXPOSURE 2 CIVIL Detailed Excavation BUILDING Foundations and Ground Slabs | K3: EXPOSURE 3 BUILDING Structure & Envelope | O3: EXPOSURE 4 BUILDING Fitout & Finishes (sheltered) | S3: EXPOSURE 5 CUSTOM RAIN IMPACTS Customise as necessary
B6: Daily | C6: Direct | D6: Consequential | E6: Total | G6: Direct | H6: Consequential | I6: Total | K6: Direct | L6: Consequential | M6: Total | O6: Direct | P6: Consequential | Q6: Total | S6: Direct | T6: Consequential | U6: Total
B7: Rainfall | C7: Impact | D7: Delay | E7: Impact | G7: Impact | H7: Delay | I7: Impact | K7: Impact | L7: Delay | M7: Impact | O7: Impact | P7: Delay | Q7: Impact | S7: Impact | T7: Delay | U7: Impact
B8: <1mm | C8: 0 | D8: 0 | E8: =SUM(C8:D8) -> 0 | G8: 0 | H8: 0 | I8: =SUM(G8:H8) -> 0 | K8: 0 | L8: 0 | M8: =SUM(K8:L8) -> 0 | O8: 0 | P8: 0 | Q8: =SUM(O8:P8) -> 0 | S8: 0 | T8: 0 | U8: =SUM(S8:T8) -> 0
B9: >1mm | C9: 0.5 | D9: 1 | E9: =SUM(C9:D9) -> 1.5 | G9: 0.5 | H9: 0 | I9: =SUM(G9:H9) -> 0.5 | K9: 0.5 | L9: 0 | M9: =SUM(K9:L9) -> 0.5 | O9: 0 | P9: 0 | Q9: =SUM(O9:P9) -> 0 | S9: 0 | T9: 0 | U9: =SUM(S9:T9) -> 0
B10: >10mm | C10: 1 | D10: 1 | E10: =SUM(C10:D10) -> 2 | G10: 1 | H10: 0.3 | I10: =SUM(G10:H10) -> 1.3 | K10: 1 | L10: 0.25 | M10: =SUM(K10:L10) -> 1.25 | O10: 0.5 | P10: 0 | Q10: =SUM(O10:P10) -> 0.5 | S10: 0.25 | T10: 0 | U10: =SUM(S10:T10) -> 0.25
B11: >25mm | C11: 1 | D11: 2 | E11: =SUM(C11:D11) -> 3 | G11: 1 | H11: 0.5 | I11: =SUM(G11:H11) -> 1.5 | K11: 1 | L11: 0.5 | M11: =SUM(K11:L11) -> 1.5 | O11: 0.5 | P11: 0 | Q11: =SUM(O11:P11) -> 0.5 | S11: 0.75 | T11: 0 | U11: =SUM(S11:T11) -> 0.75
B17: RAIN SUMMARY TABLE
B18: Exposure | C18: Total Impacts of Daily Rainfall
B19: Level | C19: <1mm | D19: >1mm | E19: >10mm | F19: >25mm
B20: 1 | C20: =E8 -> 0 | D20: =E9 -> 1.5 | E20: =E10 -> 2 | F20: =E11 -> 3
B21: 2 | C21: =I8 -> 0 | D21: =I9 -> 0.5 | E21: =I10 -> 1.3 | F21: =I11 -> 1.5
B22: 3 | C22: =M8 -> 0 | D22: =M9 -> 0.5 | E22: =M10 -> 1.25 | F22: =M11 -> 1.5
B23: 4 | C23: =Q8 -> 0 | D23: =Q9 -> 0 | E23: =Q10 -> 0.5 | F23: =Q11 -> 0.5
A24: Custom | B24: 5 | C24: =U8 -> 0 | D24: =U9 -> 0 | E24: =U10 -> 0.25 | F24: =U11 -> 0.75
B27: Note : The Standard Rain factors above are editable to account for specific ground conditions, or specific project issues. However the reasons for using non-standard factors MUST be discussed and agreed with Bid Leaders or Project Manager and documeted in the Basis of Schedule

Sheet Project Site Calendar
W1: INSTRUCTIONS :
B2: SETCTION A : Typical Annual Non Work Days FOR REFERENCE | I2: TYPICAL CALENDAR YEAR | W2: Rows 2 to 27 (Section A) shows Typical Non Work Days for various Australian States & Territories. These are for reference. For other regions please refer to Google and local calendars | AE2: TYPICAL WORK WEEK
H3: Source | I3: 42736 | J3: 42767 | K3: 42798 | L3: 42829 | M3: 42860 | N3: 42891 | O3: 42922 | P3: 42953 | Q3: 42984 | R3: 43015 | S3: 43046 | T3: 43077 | AE3: Day | AF3: Work Hours
B4: Calendar Days (Feb has 29 days for Leap Years) | I4: 31 | J4: 28 | K4: 31 | L4: 30 | M4: 31 | N4: 30 | O4: 31 | P4: 31 | Q4: 30 | R4: 31 | S4: 30 | T4: 31 | U4: =SUM(I4:T4) -> 365 | AE4: Sunday
B5: Typical Annual Public Holidays 7 National Hols: 2@Christmas, 2@Easter, New Year Day, Australia Day + Anzac Day 3 or 4 Annual State Public Holidays + Show Days Check Calendars or Google | G5: National | I5: 2 | L5: 3 | T5: 2 | U5: =SUM(I5:T5) -> 7 | W5: Rows 29 to 36 (Section B) Populate these cells with the relevant non-work days for the specific project under consideration. Copy and paste from Section A and /or edit as appropriate | AE5: Monday | AF5: 9
G6: ACT | J6: 1 | N6: 1 | Q6: 1 | R6: 1 | U6: =SUM(I6:T6) -> 4 | AE6: Tuesday | AF6: 9
G7: NSW | N7: 1 | P7: 1 | R7: 1 | U7: =SUM(I7:T7) -> 3 | AE7: Wednesday | AF7: 9
G8: NT | M8: 1 | N8: 1 | P8: 1 | U8: =SUM(I8:T8) -> 3 | W8: Comments (right click Insert Comment) can also be added to cells in Section B to record specific holidays that have been included | AE8: Thursday | AF8: 9
G9: QLD | M9: 1 | P9: 1 | R9: 1 | U9: =SUM(I9:T9) -> 3 | AE9: Friday | AF9: 9
G10: SA | J10: 1 | N10: 1 | R10: 1 | U10: =SUM(I10:T10) -> 3 | AE10: Saturday | AF10: 9
G11: TAS | K11: 1 | N11: 1 | R11: 1 | U11: =SUM(I11:T11) -> 3
G12: VIC | J12: 1 | N12: 1 | Q12: 1 | S12: 1 | U12: =SUM(I12:T12) -> 4 | AE12: Hours/Week | AF12: =SUM(AF4:AF11) -> 54
G13: WA | J13: 1 | N13: 1 | R13: 1 | U13: =SUM(I13:T13) -> 3
AE14: HoursPerDay:Ratio
B15: Sundays (typical 52 p.a.) | I15: 5 | J15: 4 | K15: 4 | L15: 5 | M15: 4 | N15: 4 | O15: 5 | P15: 4 | Q15: 4 | R15: 5 | S15: 4 | T15: 4 | U15: =SUM(I15:T15) -> 52 | AE15: Work Hours : | AF15: =+AF12/(COUNTIF((AF4:AF10),">0")*24) -> 0.375
B16: Non Work Saturdays - depends on site roster | I16: 5 | J16: 4 | K16: 4 | L16: 5 | M16: 4 | N16: 4 | O16: 5 | P16: 4 | Q16: 4 | R16: 5 | S16: 4 | T16: 4 | U16: =SUM(I16:T16) -> 52 | AE16: Total Hours
B17: RDO's (These are indicative only and depend on the specific type of work and the individual trade union(s) which might be involved in the project). Please Google individual State+Union RDO Calendars
G18: ACT | H18: MBA | I18: 1 | J18: 1 | K18: 1 | L18: 1 | M18: 1 | N18: 1 | O18: 1 | P18: 1 | Q18: 1 | R18: 2 | S18: 1 | T18: 1 | U18: =SUM(I18:T18) -> 13 | AE18: Adjust the Above Table for Working Hours Per Week
G19: NSW | H19: CFMEU | I19: 1 | J19: 1 | K19: 1 | L19: 1 | M19: 1 | N19: 1 | O19: 1 | P19: 1 | Q19: 1 | R19: 1 | S19: 1 | T19: 2 | U19: =SUM(I19:T19) -> 13
G20: NT | H20: CFMEU | I20: 2 | J20: 1 | K20: 1 | L20: 1 | M20: 1 | N20: 1 | O20: 1 | P20: 1 | Q20: 1 | R20: 1 | S20: 1 | T20: 1 | U20: =SUM(I20:T20) -> 13 | AE20: This Ratio is used in the calculations in the Green TAB
G21: QLD | H21: CFMEU | I21: 2 | J21: 1 | K21: 1 | L21: 1 | M21: 1 | N21: 1 | O21: 1 | P21: 1 | Q21: 1 | R21: 1 | S21: 1 | T21: 1 | U21: =SUM(I21:T21) -> 13
G22: SA | H22: MBA | I22: 1 | J22: 1 | K22: 1 | L22: 2 | M22: 1 | N22: 1 | O22: 1 | P22: 1 | Q22: 1 | R22: 1 | S22: 1 | T22: 1 | U22: =SUM(I22:T22) -> 13
G23: TAS | H23: CFMEU | I23: 2 | J23: 1 | K23: 1 | L23: 1 | M23: 1 | N23: 1 | O23: 1 | P23: 1 | Q23: 1 | R23: 1 | S23: 1 | T23: 1 | U23: =SUM(I23:T23) -> 13
G24: VIC | H24: AWU | I24: 1 | J24: 1 | K24: 1 | L24: 2 | M24: 1 | N24: 1 | O24: 1 | P24: 1 | Q24: 1 | R24: 1 | S24: 1 | T24: 1 | U24: =SUM(I24:T24) -> 13
G25: WA | H25: MBA | I25: 1 | J25: 1 | K25: 1 | L25: 1 | M25: 1 | N25: 1 | O25: 2 | P25: 1 | Q25: 1 | R25: 1 | S25: 1 | T25: 1 | U25: =SUM(I25:T25) -> 13
B27: Non Working Days (Xmas / Easter Shut Down) | I27: 4 | J27: 0 | K27: 0 | L27: 4 | M27: 0 | N27: 0 | O27: 0 | P27: 1 | Q27: 0 | R27: 0 | S27: 0 | T27: 3 | U27: =SUM(I27:T27) -> 12
B29: SECTION B : ADJUST PROJECT WORK DAY CALENDAR HERE (copy/paste + manual input/edit)
B30: Calendar Days (Feb has 29 days for Leap Years) | I30: =I4 -> 31 | J30: =J4 -> 28 | K30: =K4 -> 31 | L30: =L4 -> 30 | M30: =M4 -> 31 | N30: =N4 -> 30 | O30: =O4 -> 31 | P30: =P4 -> 31 | ... T30: =T4 -> 31 | U30: =SUM(I30:T30) -> 365
B31: Non Work SUNDAYS | I31: =+I15 -> 5 | J31: =+J15 -> 4 | K31: =+K15 -> 4 | L31: =+L15 -> 5 | M31: =+M15 -> 4 | N31: =+N15 -> 4 | O31: =+O15 -> 5 | P31: =+P15 -> 4 | ... T31: =+T15 -> 4 | U31: =SUM(I31:T31) -> 52 | V31: =+U31/$U$30 -> 0.14246575
B32: Non Work SATURDAYS | I32: 0 | J32: 0 | K32: 0 | L32: 0 | M32: 0 | N32: 0 | O32: 0 | P32: 0 | Q32: 0 | R32: 0 | S32: 0 | T32: 0 | U32: =SUM(I32:T32) -> 0 | V32: =+U32/$U$30 -> 0
B33: Public Holidays (National) | I33: =+I5 -> 2 | J33: =+J5 -> 0 | K33: =+K5 -> 0 | L33: =+L5 -> 3 | M33: =+M5 -> 0 | N33: =+N5 -> 0 | O33: =+O5 -> 0 | P33: =+P5 -> 0 | ... T33: =+T5 -> 2 | U33: =SUM(I33:T33) -> 7 | V33: =+U33/$U$30 -> 0.019178082 | AE33: Note - Both ratios in orange boxes are used in the calculation of time lost
B34: Public Holidays (State) | G34: VIC | J34: 1 | N34: 1 | Q34: 1 | S34: 1 | U34: =SUM(I34:T34) -> 4 | V34: =+U34/$U$30 -> 0.010958904
B35: Non Work RDO's / Rosters | G35: VIC | H35: CFMEU | I35: 3 | J35: 1 | K35: 4 | L35: =L19 -> 1 | M35: 2 | N35: 4 | O35: =O19 -> 1 | P35: 2 | Q35: 2 | S35: 5 | T35: 4 | U35: =SUM(I35:T35) -> 29 | V35: =+U35/$U$30 -> 0.079452055 | W35: For Clarity please note in cells G34:H35 the relevant State and Union RDO Calendar used
B36: Non Work Xmas/Easter | I36: 6 | K36: =+K27 -> 0 | L36: 2 | M36: =+M27 -> 0 | N36: =+N27 -> 0 | O36: =+O27 -> 0 | P36: =+P27 -> 1 | Q36: =+Q27 -> 0 | R36: =+R27 -> 0 | S36: =+S27 -> 0 | T36: 9 | U36: =SUM(I36:T36) -> 18 | V36: =+U36/$U$30 -> 0.049315068
B37: WORKING DAYS | I37: =+I30-I33-I34-I31-I32-I35-I36 -> 15 | J37: =+J30-J33-J34-J31-J32-J35-J36 -> 22 | K37: =+K30-K33-K34-K31-K32-K35-K36 -> 23 | L37: =+L30-L33-L34-L31-L32-L35-L36 -> 19 | M37: =+M30-M33-M34-M31-M32-M35-M36 -> 25 | N37: =+N30-N33-N34-N31-N32-N35-N36 -> 21 | O37: =+O30-O33-O34-O31-O32-O35-O36 -> 25 | P37: =+P30-P33-P34-P31-P32-P35-P36 -> 24 | ... T37: =+T30-T33-T34-T31-T32-T35-T36 -> 12 | U37: =SUM(I37:T37) -> 255 | V37: =+U37/$U$30 -> 0.69863014 | W37: <---------- | X37: These numbers populate the GREEN TAB row 27
E38: Ratio Workdays:CalendarDays | I38: =+I37/I30 -> 0.48387097 | J38: =+J37/J30 -> 0.78571429 | K38: =+K37/K30 -> 0.74193548 | L38: =+L37/L30 -> 0.63333333 | M38: =+M37/M30 -> 0.80645161 | N38: =+N37/N30 -> 0.7 | O38: =+O37/O30 -> 0.80645161 | P38: =+P37/P30 -> 0.77419355 | ... U38: =+U37/U30 -> 0.69863014
U39: WorkdaysPerYear:Ratio

Sheet Logic Review
D2: Sample | G2: Assumed | H2: Sample | L2: Result
C3: EXAMPLE TO CHECK FORMULAE | D3: Month | G3: Impact | H3: WorkDays | I3: Ratio | L3: Calc'd by
D4: Nov | G4: Factor | H4: /month | I4: Hrs/Day | L4: IWA Rev4
C5: Sample BoM Data | D5: 30 | L5: Spreadsheet
C6: Total number of rain days | D6: =SUM(D7:D10) -> 12.2 | E6: =+D6/$D$5 -> 0.40666667
B7: a) | C7: Mean number of rain days < 1 mm | D7: 3.6 | E7: =+D7/$D$5 -> 0.12 | L7: AxBxCxD
B8: b) | C8: Mean number of rain days ≥ 1 mm and < 10 mm | D8: 6.5 | E8: =+D8/$D$5 -> 0.21666667 | G8: 1.5 | H8: 0.8 | I8: 0.3274 | L8: =+D8*G8*I8*H8 -> 2.55372
B9: c) | C9: Mean number of rain days ≥ 10 mm and < 25 mm | D9: 1.8 | E9: =+D9/$D$5 -> 0.06
B10: d) | C10: Mean number of days of rain ≥ 25 mm | D10: 0.3 | E10: =+D10/$D$5 -> 0.01
C13: For this example :-
C14: In an average November we would get 6.5 days of rain ≥ 1 mm and < 10 mm
C15: but we only work 24 days of the total 30 days in November (80%)
C16: So on average we would expect to be impacted 80% * 6.5 days | D16: =6.5*0.8 -> 5.2 | E16: days
C17: And for each days rain of this intensity on average we lose 1.5 days (150%) i.e. | D17: =+D16*1.5 -> 7.8 | E17: days
C19: In this example we only work 10 hr weekdays and 5 hrs Saturday
C20: Sundays have already been excluded in line 15
C21: So correct ratio should be : 55 hours / (6 x 24 hrs) | D21: =55/(6*24) -> 0.38194444
C23: And potential losses would be | D23: =+D21*D17 -> 2.9791667 | E23: days
C25: This calculation assumes any rain which falls outside our work hours
C26: still affects us the same as if it rains the whole work day
C27: Potentially this is a conservative assumption.
C29: Bills Formula
C30: Factor x (RainDaysPerMth/CalDaysPerMth) x (WorkHrs/24) x (WorkDaysPerMonth)
C31: 1.5 x (6.5 /30) x (55/6*24) x (24) | D31: =1.5* (6.5 /30)*(55/(6*24))*(24) -> 2.9791667 | E31: days
C32: Check OK
